ID,Name,Description,Type,Price,Mana,Max Uses,Spawn Level,Spawn Probability,Sprite,Sprite Unidentified,Related Projectiles,Fire Rate Wait,Screenshake,Spread Degrees,Critical Chance,Speed Multiplier,Explosion Radius,Explosion Damage,Lifetime,Material,Recoil Knockback,Knockback Force,Projectile Count,Custom XML,Never Unlimited,Spawn Requires Flag,Action Mods
BOMB_CART,"$action_bomb_cart","$actiondesc_bomb_cart",ACTION_TYPE_PROJECTILE,200,75,6,"2,3,4,5,6","0.6,0.6,0.5,0.8,0.6","data/ui_gfx/gun_actions/bomb_cart.png","data/ui_gfx/gun_actions/bomb_unidentified.png",,c.fire_rate_wait + 60,,,,,,,,,,,0,,,,"add_projectile(""data/entities/projectiles/bomb_cart.xml"");c.fire_rate_wait = c.fire_rate_wait + 60;"
CURSED_ORB,"$action_cursed_orb","$actiondesc_cursed_orb",ACTION_TYPE_PROJECTILE,200,40,,"1,2,3","0.3,0.2,0.1","data/ui_gfx/gun_actions/cursed_orb.png","data/ui_gfx/gun_actions/disc_bullet_unidentified.png",,c.fire_rate_wait + 20,,,,,,,,,,,0,,,,"add_projectile(""data/entities/projectiles/orb_cursed.xml"");c.fire_rate_wait = c.fire_rate_wait + 20;"
EXPANDING_ORB,"$action_expanding_orb","$actiondesc_expanding_orb",ACTION_TYPE_PROJECTILE,200,70,,"2,3,4,5,6","0.5,0.5,1,1,0.5","data/ui_gfx/gun_actions/expanding_orb.png","data/ui_gfx/gun_actions/disc_bullet_unidentified.png",,c.fire_rate_wait + 30,,,,,,,,,,,0,,,,"add_projectile(""data/entities/projectiles/orb_expanding.xml"");c.fire_rate_wait = c.fire_rate_wait + 30;"
CRUMBLING_EARTH,"$action_crumbling_earth","$actiondesc_crumbling_earth",ACTION_TYPE_PROJECTILE,300,240,3,"2,3,4,5,6","0.4,0.3,0.5,0.6,0.9","data/ui_gfx/gun_actions/crumbling_earth.png","data/ui_gfx/gun_actions/bomb_unidentified.png",,,,,,,,,,,,,0,,,"card_unlocked_crumbling_earth","add_projectile(""data/entities/projectiles/deck/crumbling_earth.xml"");"
SUMMON_ROCK,"$action_summon_rock","$actiondesc_summon_rock",ACTION_TYPE_PROJECTILE,160,100,3,"0,1,2,3,4,5,6","0.8,0.8,0.6,0.6,0.3,0.7,0.7","data/ui_gfx/gun_actions/summon_rock.png","data/ui_gfx/gun_actions/bomb_unidentified.png",,,,,,,,,,,,,0,"data/entities/misc/custom_cards/summon_rock.xml",,,"add_projectile(""data/entities/projectiles/deck/rock.xml"");"
SUMMON_EGG,"$action_summon_egg","$actiondesc_summon_egg",ACTION_TYPE_PROJECTILE,220,100,2,"0,1,2,3,4,5,6","0.7,0.8,0.8,0.7,0.6,0.6,0.5","data/ui_gfx/gun_actions/summon_egg.png","data/ui_gfx/gun_actions/bomb_unidentified.png",,,,,,,,,,,,,0,,,,"add_projectile(""data/entities/items/pickup/"" .. egg_name);"
SUMMON_HOLLOW_EGG,"$action_summon_hollow_egg","$actiondesc_summon_hollow_egg",ACTION_TYPE_PROJECTILE,140,30,,"0,1,2,5,6","0.6,0.8,0.7,0.8,0.3","data/ui_gfx/gun_actions/summon_hollow_egg.png","data/ui_gfx/gun_actions/bomb_unidentified.png",,c.fire_rate_wait - 12,,,,,,,,,,,0,,,,"add_projectile_trigger_death(""data/entities/items/pickup/egg_hollow.xml"", 1);c.fire_rate_wait = c.fire_rate_wait - 12;"
TNTBOX,"$action_tntbox","$actiondesc_tntbox",ACTION_TYPE_PROJECTILE,150,40,15,"1,2,3,5","0.8,0.9,0.5,0.4","data/ui_gfx/gun_actions/tntbox.png","data/ui_gfx/gun_actions/bomb_unidentified.png",,c.fire_rate_wait + 30,,,,,,,,,,,0,,,,"add_projectile(""data/entities/projectiles/deck/tntbox.xml"");c.fire_rate_wait = c.fire_rate_wait + 30;"
TNTBOX_BIG,"$action_tntbox_big","$actiondesc_tntbox_big",ACTION_TYPE_PROJECTILE,170,40,15,"2,4,5","0.8,1,0.7","data/ui_gfx/gun_actions/tntbox_big.png","data/ui_gfx/gun_actions/bomb_unidentified.png",,c.fire_rate_wait + 30,,,,,,,,,,,0,,,,"add_projectile(""data/entities/projectiles/deck/tntbox_big.xml"");c.fire_rate_wait = c.fire_rate_wait + 30;"
SWARM_FLY,"$action_swarm_fly","$actiondesc_swarm_fly",ACTION_TYPE_STATIC_PROJECTILE,90,60,,"2,4,5","0.3,0.4,0.5","data/ui_gfx/gun_actions/swarm_fly.png","data/ui_gfx/gun_actions/spiral_shot_unidentified.png",5,c.fire_rate_wait + 60,,c.spread_degrees + 6.0,,,,,,,,,0,,,,"add_projectile(""data/entities/projectiles/deck/swarm_fly.xml"");add_projectile(""data/entities/projectiles/deck/swarm_fly.xml"");add_projectile(""data/entities/projectiles/deck/swarm_fly.xml"");add_projectile(""data/entities/projectiles/deck/swarm_fly.xml"");c.spread_degrees = c.spread_degrees + 6.0;c.fire_rate_wait = c.fire_rate_wait + 60;"
HEAVY_BULLET_TRIGGER,"$action_heavy_bullet_trigger","$actiondesc_heavy_bullet_trigger",ACTION_TYPE_PROJECTILE,240,40,,"2,3,4,5,6","0.5,0.5,0.5,0.7,0.5","data/ui_gfx/gun_actions/heavy_bullet_trigger.png","data/ui_gfx/gun_actions/heavy_bullet_trigger_unidentified.png",,c.fire_rate_wait + 7,c.scree,c.spread_degrees + 5.0,c.damage_critical_cha,,,,,,,,0,,,,"c.fire_rate_wait = c.fire_rate_wait + 7;c.screenshake = c.scree;c.spread_degrees = c.spread_degrees + 5.0;c.damage_critical_chance = c.damage_critical_cha;add_projectile_trigger_hit_world(""data/entities/projectiles/deck/bullet_heavy.xml"", 1);"
SWARM_FIREBUG,"$action_swarm_firebug","$actiondesc_swarm_firebug",ACTION_TYPE_STATIC_PROJECTILE,100,70,,"2,5,6","0.2,0.4,0.5","data/ui_gfx/gun_actions/swarm_firebug.png","data/ui_gfx/gun_actions/spiral_shot_unidentified.png",4,c.fire_rate_wait + 60,,c.spread_degrees + 12.0,,,,,,,,,0,,,,"add_projectile(""data/entities/projectiles/deck/swarm_firebug.xml"");add_projectile(""data/entities/projectiles/deck/swarm_firebug.xml"");add_projectile(""data/entities/projectiles/deck/swarm_firebug.xml"");c.spread_degrees = c.spread_degrees + 12.0;c.fire_rate_wait = c.fire_rate_wait + 60;"
SWARM_WASP,"$action_swarm_wasp","$actiondesc_swarm_wasp",ACTION_TYPE_STATIC_PROJECTILE,120,80,,"4,5,6","0.2,0.5,0.6","data/ui_gfx/gun_actions/swarm_wasp.png","data/ui_gfx/gun_actions/spiral_shot_unidentified.png",6,c.fire_rate_wait + 60,,c.spread_degrees + 24.0,,,,,,,,,0,,,,"add_projectile(""data/entities/projectiles/deck/swarm_wasp.xml"");add_projectile(""data/entities/projectiles/deck/swarm_wasp.xml"");add_projectile(""data/entities/projectiles/deck/swarm_wasp.xml"");add_projectile(""data/entities/projectiles/deck/swarm_wasp.xml"");add_projectile(""data/entities/projectiles/deck/swarm_wasp.xml"");c.spread_degrees = c.spread_degrees + 24.0;c.fire_rate_wait = c.fire_rate_wait + 60;"
FRIEND_FLY,"$action_friend_fly","$actiondesc_friend_fly",ACTION_TYPE_STATIC_PROJECTILE,160,120,,"4,5,6","0.2,0.6,0.5","data/ui_gfx/gun_actions/friend_fly.png","data/ui_gfx/gun_actions/spiral_shot_unidentified.png",,c.fire_rate_wait + 80,,c.spread_degrees + 24.0,,,,,,,,,0,,,,"add_projectile(""data/entities/projectiles/deck/friend_fly.xml"");c.spread_degrees = c.spread_degrees + 24.0;c.fire_rate_wait = c.fire_rate_wait + 80;"
ACIDSHOT,"$action_acidshot","$actiondesc_acidshot",ACTION_TYPE_PROJECTILE,180,20,20,"1,2,3,4","1,1,0.9,0.6","data/ui_gfx/gun_actions/acidshot.png","data/ui_gfx/gun_actions/acidshot_unidentified.png",,c.fire_rate_wait + 10,,,,,,,,,,,0,"data/entities/misc/custom_cards/acidshot.xml",,,"add_projectile(""data/entities/projectiles/deck/acidshot.xml"");c.fire_rate_wait = c.fire_rate_wait + 10;"
THUNDERBALL,"$action_thunderball","$actiondesc_thunderball",ACTION_TYPE_PROJECTILE,300,120,3,"2,4,6,10","0.9,1,0.7,0.2","data/ui_gfx/gun_actions/thunderball.png","data/ui_gfx/gun_actions/thunderball_unidentified.png",,c.fire_rate_wait + 120,,,,,,,,,,,0,"data/entities/misc/custom_cards/thunderball.xml",,,"add_projectile(""data/entities/projectiles/thunderball.xml"");c.fire_rate_wait = c.fire_rate_wait + 120;"
FIREBOMB,"$action_firebomb","$actiondesc_firebomb",ACTION_TYPE_PROJECTILE,90,10,,"1,2,3","1,0.9,0.7","data/ui_gfx/gun_actions/firebomb.png","data/ui_gfx/gun_actions/firebomb_unidentified.png",,,,,,,,,,,,,0,"data/entities/misc/custom_cards/firebomb.xml",,,"add_projectile(""data/entities/projectiles/deck/firebomb.xml"");"
SOILBALL,"$action_soilball","$actiondesc_soilball",ACTION_TYPE_MATERIAL,10,5,,"1,2,3,5","0.8,0.8,1,0.75","data/ui_gfx/gun_actions/soil.png","data/ui_gfx/gun_actions/firebomb_unidentified.png",,,,,,,,,,,,,0,,,,"add_projectile(""data/entities/projectiles/chunk_of_soil.xml"");"
DEATH_CROSS,"$action_death_cross","$actiondesc_death_cross",ACTION_TYPE_PROJECTILE,210,80,,"1,2,3,4,5,6","1,0.8,0.6,0.5,0.5,0.3","data/ui_gfx/gun_actions/death_cross.png","data/ui_gfx/gun_actions/death_cross_unidentified.png",,c.fire_rate_wait + 40,,,,,,,,,,,0,"data/entities/misc/custom_cards/death_cross.xml",,,"add_projectile(""data/entities/projectiles/deck/death_cross.xml"");c.fire_rate_wait = c.fire_rate_wait + 40;"
DEATH_CROSS_BIG,"$action_death_cross_big","$actiondesc_death_cross_big",ACTION_TYPE_PROJECTILE,310,150,8,"2,3,4,5,6,10","0.4,0.5,0.55,0.3,0.4,0.2","data/ui_gfx/gun_actions/death_cross_big.png","data/ui_gfx/gun_actions/death_cross_unidentified.png",,c.fire_rate_wait + 70,,,,,,,,,,,0,"data/entities/misc/custom_cards/death_cross.xml",,,"add_projectile(""data/entities/projectiles/deck/death_cross_big.xml"");c.fire_rate_wait = c.fire_rate_wait + 70;"
INFESTATION,"$action_infestation","$actiondesc_infestation",ACTION_TYPE_PROJECTILE,160,40,,"2,3,4","0.1,0.3,0.4","data/ui_gfx/gun_actions/infestation.png","data/ui_gfx/gun_actions/rubber_ball_unidentified.png",10,c.fire_rate_wait - 2,,c.spread_degrees + 25,,,,,,,,,0,,,,"add_projectile(""data/entities/projectiles/deck/infestation.xml"");c.fire_rate_wait = c.fire_rate_wait - 2;c.spread_degrees = c.spread_degrees + 25;"
HEAVY_BULLET_TIMER,"$action_heavy_bullet_timer","$actiondesc_heavy_bullet_timer",ACTION_TYPE_PROJECTILE,240,40,,"2,3,4,5,6","0.5,0.5,0.5,0.5,0.7","data/ui_gfx/gun_actions/heavy_bullet_timer.png","data/ui_gfx/gun_actions/heavy_bullet_timer_unidentified.png",,c.fire_rate_wait + 7,c.scree,c.spread_degrees + 5.0,c.damage_critical_cha,,,,,,,,0,,,,"c.fire_rate_wait = c.fire_rate_wait + 7;c.screenshake = c.scree;c.spread_degrees = c.spread_degrees + 5.0;c.damage_critical_chance = c.damage_critical_cha;add_projectile_trigger_timer(""data/entities/projectiles/deck/bullet_heavy.xml"", 10, 1);"
WALL_HORIZONTAL,"$action_wall_horizontal","$actiondesc_wall_horizontal",ACTION_TYPE_STATIC_PROJECTILE,160,70,,"0,1,2,4,5","0.4,0.4,0.6,0.5,0.2","data/ui_gfx/gun_actions/wall_horizontal.png","data/ui_gfx/gun_actions/teleport_projectile_unidentified.png",,c.fire_rate_wait + 5,,,,,,,,,,,0,,,,"add_projectile(""data/entities/projectiles/deck/wall_horizontal.xml"");c.fire_rate_wait = c.fire_rate_wait + 5;"
WALL_VERTICAL,"$action_wall_vertical","$actiondesc_wall_vertical",ACTION_TYPE_STATIC_PROJECTILE,160,70,,"0,1,2,4,5","0.4,0.4,0.6,0.5,0.2","data/ui_gfx/gun_actions/wall_vertical.png","data/ui_gfx/gun_actions/teleport_projectile_unidentified.png",,c.fire_rate_wait + 5,,,,,,,,,,,0,,,,"add_projectile(""data/entities/projectiles/deck/wall_vertical.xml"");c.fire_rate_wait = c.fire_rate_wait + 5;"
WALL_SQUARE,"$action_wall_square","$actiondesc_wall_square",ACTION_TYPE_STATIC_PROJECTILE,160,70,20,"0,1,2,4,5,6","0.3,0.2,0.6,0.5,0.4,0.4","data/ui_gfx/gun_actions/wall_square.png","data/ui_gfx/gun_actions/teleport_projectile_unidentified.png",,c.fire_rate_wait + 20,,,,,,,,,,,0,,,,"add_projectile(""data/entities/projectiles/deck/wall_square.xml"");c.fire_rate_wait = c.fire_rate_wait + 20;"
TEMPORARY_WALL,"$action_temporary_wall","$actiondesc_temporary_wall",ACTION_TYPE_UTILITY,100,40,20,"0,1,2,4,5","0.1,0.1,0.3,0.4,0.2","data/ui_gfx/gun_actions/temporary_wall.png","data/ui_gfx/gun_actions/teleport_projectile_unidentified.png",,c.fire_rate_wait + 40,,,,,,,,,,,0,,,,"add_projectile(""data/entities/projectiles/deck/temporary_wall.xml"");c.fire_rate_wait = c.fire_rate_wait + 40;"
TEMPORARY_PLATFORM,"$action_temporary_platform","$actiondesc_temporary_platform",ACTION_TYPE_UTILITY,90,30,20,"0,1,2,4,5","0.1,0.1,0.3,0.4,0.2","data/ui_gfx/gun_actions/temporary_platform.png","data/ui_gfx/gun_actions/teleport_projectile_unidentified.png",,c.fire_rate_wait + 40,,,,,,,,,,,0,,,,"add_projectile(""data/entities/projectiles/deck/temporary_platform.xml"");c.fire_rate_wait = c.fire_rate_wait + 40;"
PURPLE_EXPLOSION_FIELD,"$action_purple_explosion_field","$actiondesc_purple_explosion_field",ACTION_TYPE_STATIC_PROJECTILE,160,90,20,"0,1,2,4,5,6","0.7,1,0.7,0.5,0.5,0.3","data/ui_gfx/gun_actions/purple_explosion_field.png","data/ui_gfx/gun_actions/teleport_projectile_unidentified.png",,c.fire_rate_wait + 10,,,,c.speed_multiplier - 2,,,,,,,0,,,,"add_projectile(""data/entities/projectiles/deck/purple_explosion_field.xml"");c.fire_rate_wait = c.fire_rate_wait + 10;c.speed_multiplier = c.speed_multiplier - 2;c.speed_multiplier = math.mi;c.speed_multiplier = 0;"
DELAYED_SPELL,"$action_delayed_spell","$actiondesc_delayed_spell",ACTION_TYPE_STATIC_PROJECTILE,240,20,,"0,1,2,4,5,6","0.8,0.8,1,0.7,0.5,0.4","data/ui_gfx/gun_actions/delayed_spell.png","data/ui_gfx/gun_actions/teleport_projectile_unidentified.png",,c.fire_rate_wait + 10,,,,,,,,,,,0,,,,"add_projectile_trigger_death(""data/entities/projectiles/deck/delayed_spell.xml"", 3);c.fire_rate_wait = c.fire_rate_wait + 10;"
LONG_DISTANCE_CAST,"$action_long_distance_cast","$actiondesc_long_distance_cast",ACTION_TYPE_UTILITY,90,0,,"0,1,2,4,5,6","0.6,0.7,0.8,0.6,0.3,0.4","data/ui_gfx/gun_actions/long_distance_cast.png","data/ui_gfx/gun_actions/teleport_projectile_unidentified.png",,c.fire_rate_wait - 5,,,,,,,,,,,0,,,,"add_projectile_trigger_death(""data/entities/projectiles/deck/long_distance_cast.xml"", 1);c.fire_rate_wait = c.fire_rate_wait - 5;"
TELEPORT_CAST,"$action_teleport_cast","$actiondesc_teleport_cast",ACTION_TYPE_UTILITY,190,100,,"1,2,4,5,6","0.6,0.6,0.6,0.8,1","data/ui_gfx/gun_actions/teleport_cast.png","data/ui_gfx/gun_actions/teleport_projectile_unidentified.png",,c.fire_rate_wait + 20,,c.spread_degrees + 24,,,,,,,,,0,,,,"add_projectile_trigger_death(""data/entities/projectiles/deck/teleport_cast.xml"", 1);c.fire_rate_wait = c.fire_rate_wait + 20;c.spread_degrees = c.spread_degrees + 24;"
SUPER_TELEPORT_CAST,"$action_super_teleport_cast","$actiondesc_super_teleport_cast",ACTION_TYPE_UTILITY,160,20,,"2,4,5,6","0.2,0.6,0.8,0.8","data/ui_gfx/gun_actions/super_teleport_cast.png","data/ui_gfx/gun_actions/teleport_projectile_unidentified.png",,c.fire_rate_wait + 10,,c.spread_degrees - 6,,,,,,,,,0,,,,"add_projectile_trigger_death(""data/entities/projectiles/deck/super_teleport_cast.xml"", 1);c.fire_rate_wait = c.fire_rate_wait + 10;c.spread_degrees = c.spread_degrees - 6;"
AIR_BULLET,"$action_air_bullet","$actiondesc_air_bullet",ACTION_TYPE_PROJECTILE,80,5,,"1,2","1,1","data/ui_gfx/gun_actions/air_bullet.png","data/ui_gfx/gun_actions/air_bullet_unidentified.png",,c.fire_rate_wait + 3,,c.spread_degrees - 2.0,,,,,,,,,0,,,,"add_projectile(""data/entities/projectiles/deck/light_bullet_air.xml"");c.fire_rate_wait = c.fire_rate_wait + 3;c.spread_degrees = c.spread_degrees - 2.0;"
CASTER_CAST,"$action_caster_cast","$actiondesc_caster_cast",ACTION_TYPE_UTILITY,70,10,,"2,4,5,6,10","0.2,0.2,0.4,0.4,0.2","data/ui_gfx/gun_actions/caster_cast.png","data/ui_gfx/gun_actions/teleport_projectile_unidentified.png",,,,c.spread_degrees - 24,,,,,,,,,0,,,,"c.spread_degrees = c.spread_degrees - 24;c.extra_entities = c.extra_e;"
MIST_RADIOACTIVE,"$action_mist_radioactive","$actiondesc_mist_radioactive",ACTION_TYPE_PROJECTILE,80,40,,"1,2,3,4","0.4,0.4,0.4,0.4","data/ui_gfx/gun_actions/mist_radioactive.png","data/ui_gfx/gun_actions/slimeball_unidentified.png",,c.fire_rate_wait + 10,,,,,,,,,,,0,,,,"add_projectile(""data/entities/projectiles/deck/mist_radioactive.xml"");c.fire_rate_wait = c.fire_rate_wait + 10;"
MIST_ALCOHOL,"$action_mist_alcohol","$actiondesc_mist_alcohol",ACTION_TYPE_PROJECTILE,80,40,,"1,2,3,4","0.4,0.4,0.4,0.4","data/ui_gfx/gun_actions/mist_alcohol.png","data/ui_gfx/gun_actions/slimeball_unidentified.png",,c.fire_rate_wait + 10,,,,,,,,,,,0,,,,"add_projectile(""data/entities/projectiles/deck/mist_alcohol.xml"");c.fire_rate_wait = c.fire_rate_wait + 10;"
MIST_SLIME,"$action_mist_slime","$actiondesc_mist_slime",ACTION_TYPE_PROJECTILE,80,40,,"1,2,3,4","0.4,0.4,0.4,0.4","data/ui_gfx/gun_actions/mist_slime.png","data/ui_gfx/gun_actions/slimeball_unidentified.png",,c.fire_rate_wait + 10,,,,,,,,,,,0,,,,"add_projectile(""data/entities/projectiles/deck/mist_slime.xml"");c.fire_rate_wait = c.fire_rate_wait + 10;"
MIST_BLOOD,"$action_mist_blood","$actiondesc_mist_blood",ACTION_TYPE_PROJECTILE,120,40,10,"1,2,3,4","0.4,0.4,0.4,0.4","data/ui_gfx/gun_actions/mist_blood.png","data/ui_gfx/gun_actions/slimeball_unidentified.png",,c.fire_rate_wait + 10,,,,,,,,,,,0,,,,"add_projectile(""data/entities/projectiles/deck/mist_blood.xml"");c.fire_rate_wait = c.fire_rate_wait + 10;"
CIRCLE_FIRE,"$action_circle_fire","$actiondesc_circle_fire",ACTION_TYPE_MATERIAL,170,20,15,"1,2,3,4","0.4,0.4,0.4,0.4","data/ui_gfx/gun_actions/circle_fire.png","data/ui_gfx/gun_actions/slimeball_unidentified.png",,c.fire_rate_wait + 20,,,,,,,,,,,0,,,,"add_projectile(""data/entities/projectiles/deck/circle_fire.xml"");c.fire_rate_wait = c.fire_rate_wait + 20;"
CIRCLE_ACID,"$action_circle_acid","$actiondesc_circle_acid",ACTION_TYPE_MATERIAL,180,40,4,"1,2,3,4","0.4,0.4,0.4,0.4","data/ui_gfx/gun_actions/circle_acid.png","data/ui_gfx/gun_actions/slimeball_unidentified.png",,c.fire_rate_wait + 20,,,,,,,,,,,0,,,,"add_projectile(""data/entities/projectiles/deck/circle_acid.xml"");c.fire_rate_wait = c.fire_rate_wait + 20;"
CIRCLE_OIL,"$action_circle_oil","$actiondesc_circle_oil",ACTION_TYPE_MATERIAL,160,20,15,"1,2,3,4","0.4,0.4,0.4,0.4","data/ui_gfx/gun_actions/circle_oil.png","data/ui_gfx/gun_actions/slimeball_unidentified.png",,c.fire_rate_wait + 20,,,,,,,,,,,0,,,,"add_projectile(""data/entities/projectiles/deck/circle_oil.xml"");c.fire_rate_wait = c.fire_rate_wait + 20;"
CIRCLE_WATER,"$action_circle_water","$actiondesc_circle_water",ACTION_TYPE_MATERIAL,160,20,15,"1,2,3,4","0.4,0.4,0.4,0.4","data/ui_gfx/gun_actions/circle_water.png","data/ui_gfx/gun_actions/slimeball_unidentified.png",,c.fire_rate_wait + 20,,,,,,,,,,,0,,,,"add_projectile(""data/entities/projectiles/deck/circle_water.xml"");c.fire_rate_wait = c.fire_rate_wait + 20;"
MATERIAL_WATER,"$action_material_water","$actiondesc_material_water",ACTION_TYPE_MATERIAL,110,0,,"1,2,3,4,5","0.4,0.4,0.4,0.4,0.4","data/ui_gfx/gun_actions/material_water.png","data/ui_gfx/gun_actions/material_water_unidentified.png",,c.fire_rate_wait - 15,,,,,,,,,,,0,,,,"add_projectile(""data/entities/projectiles/deck/material_water.xml"");c.game_effect_entities = c.game_effect_e;c.fire_rate_wait = c.fire_rate_wait - 15;"
SLOW_BULLET,"$action_slow_bullet","$actiondesc_slow_bullet",ACTION_TYPE_PROJECTILE,160,30,,"1,2,3,4","1,1,1,1","data/ui_gfx/gun_actions/slow_bullet.png","data/ui_gfx/gun_actions/slow_bullet_unidentified.png",,c.fire_rate_wait + 6,c.scree,c.spread_degrees + 3.6,,,,,,,,,0,"data/entities/misc/custom_cards/bullet_slow.xml",,,"add_projectile(""data/entities/projectiles/deck/bullet_slow.xml"");c.fire_rate_wait = c.fire_rate_wait + 6;c.screenshake = c.scree;c.spread_degrees = c.spread_degrees + 3.6;"
MATERIAL_OIL,"$action_material_oil","$actiondesc_material_oil",ACTION_TYPE_MATERIAL,140,0,,"1,2,3,4,5","0.4,0.4,0.4,0.4,0.4","data/ui_gfx/gun_actions/material_oil.png","data/ui_gfx/gun_actions/material_oil_unidentified.png",,c.fire_rate_wait - 15,,,,,,,,,,,0,,,,"add_projectile(""data/entities/projectiles/deck/material_oil.xml"");c.game_effect_entities = c.game_effect_e;c.fire_rate_wait = c.fire_rate_wait - 15;"
MATERIAL_BLOOD,"$action_material_blood","$actiondesc_material_blood",ACTION_TYPE_MATERIAL,130,0,250,"1,2,3,4,5","0.4,0.4,0.4,0.4,0.4","data/ui_gfx/gun_actions/material_blood.png","data/ui_gfx/gun_actions/material_blood_unidentified.png",,c.fire_rate_wait - 15,,,,,,,,,,,0,,,,"add_projectile(""data/entities/projectiles/deck/material_blood.xml"");c.game_effect_entities = c.game_effect_e;c.fire_rate_wait = c.fire_rate_wait - 15;"
MATERIAL_ACID,"$action_material_acid","$actiondesc_material_acid",ACTION_TYPE_MATERIAL,150,0,,"2,3,4,5,6","0.4,0.4,0.4,0.4,0.4","data/ui_gfx/gun_actions/material_acid.png","data/ui_gfx/gun_actions/material_acid_unidentified.png",,c.fire_rate_wait - 15,,,,,,,,,,,0,,,,"add_projectile(""data/entities/projectiles/deck/material_acid.xml"");c.fire_rate_wait = c.fire_rate_wait - 15;"
MATERIAL_CEMENT,"$action_material_cement","$actiondesc_material_cement",ACTION_TYPE_MATERIAL,100,0,,"2,3,4,5,6","0.4,0.4,0.4,0.4,0.4","data/ui_gfx/gun_actions/material_cement.png","data/ui_gfx/gun_actions/material_cement_unidentified.png",,c.fire_rate_wait - 15,,,,,,,,,,,0,,,"card_unlocked_material_cement","add_projectile(""data/entities/projectiles/deck/material_cement.xml"");c.fire_rate_wait = c.fire_rate_wait - 15;"
TELEPORT_PROJECTILE,"$action_teleport_projectile","$actiondesc_teleport_projectile",ACTION_TYPE_PROJECTILE,130,40,,"0,1,2,4,5,6","0.6,0.6,0.6,0.4,0.4,0.4","data/ui_gfx/gun_actions/teleport_projectile.png","data/ui_gfx/gun_actions/teleport_projectile_unidentified.png",,c.fire_rate_wait + 3,,c.spread_degrees - 2.0,,,,,,,,,0,"data/entities/misc/custom_cards/teleport_projectile.xml",,,"add_projectile(""data/entities/projectiles/deck/teleport_projectile.xml"");c.fire_rate_wait = c.fire_rate_wait + 3;c.spread_degrees = c.spread_degrees - 2.0;"
TELEPORT_PROJECTILE_SHORT,"$action_teleport_projectile_short","$actiondesc_teleport_projectile_short",ACTION_TYPE_PROJECTILE,130,20,,"0,1,2,4,5,6","0.6,0.6,0.6,0.4,0.4,0.4","data/ui_gfx/gun_actions/teleport_projectile_short.png","data/ui_gfx/gun_actions/teleport_projectile_unidentified.png",,,,c.spread_degrees - 2.0,,,,,,,,,0,"data/entities/misc/custom_cards/teleport_projectile_short.xml",,,"add_projectile(""data/entities/projectiles/deck/teleport_projectile_short.xml"");c.spread_degrees = c.spread_degrees - 2.0;"
TELEPORT_PROJECTILE_STATIC,"$action_teleport_projectile_static","$actiondesc_teleport_projectile_static",ACTION_TYPE_PROJECTILE,90,40,,"0,1,2,4,5,6","0.6,0.6,0.6,0.4,0.4,0.4","data/ui_gfx/gun_actions/teleport_projectile_static.png","data/ui_gfx/gun_actions/teleport_projectile_unidentified.png",,c.fire_rate_wait + 3,,c.spread_degrees - 2.0,,,,,,,,,0,"data/entities/misc/custom_cards/teleport_projectile_static.xml",,,"add_projectile(""data/entities/projectiles/deck/teleport_projectile_static.xml"");c.fire_rate_wait = c.fire_rate_wait + 3;c.spread_degrees = c.spread_degrees - 2.0;"
SWAPPER_PROJECTILE,"$action_swapper_projectile","$actiondesc_swapper_projectile",ACTION_TYPE_PROJECTILE,100,5,,"0,1,2,4,5,6","0.05,0.05,0.1,0.4,0.4,0.1","data/ui_gfx/gun_actions/swapper_projectile.png","data/ui_gfx/gun_actions/light_bullet_unidentified.png",,c.fire_rate_wait + 3,c.scree,c.spread_degrees - 2.0,c.damage_critical_cha,,,,,,,,0,,,,"add_projectile(""data/entities/projectiles/deck/swapper.xml"");c.fire_rate_wait = c.fire_rate_wait + 3;c.screenshake = c.scree;c.spread_degrees = c.spread_degrees - 2.0;c.damage_critical_chance = c.damage_critical_cha;"
TELEPORT_PROJECTILE_CLOSER,"$action_teleport_closer","$actiondesc_teleport_closer",ACTION_TYPE_PROJECTILE,130,20,,"0,1,2,4,5,6","0.4,0.6,0.6,0.7,0.4,0.4","data/ui_gfx/gun_actions/teleport_projectile_closer.png","data/ui_gfx/gun_actions/teleport_projectile_unidentified.png",,,,c.spread_degrees - 2.0,,,,,,,,,0,,,,"add_projectile(""data/entities/projectiles/deck/teleport_projectile_closer.xml"");c.spread_degrees = c.spread_degrees - 2.0;"
NUKE,"$action_nuke","$actiondesc_nuke",ACTION_TYPE_PROJECTILE,400,200,1,"1,5,6,10","0.3,1,1,0.2","data/ui_gfx/gun_actions/nuke.png","data/ui_gfx/gun_actions/nuke_unidentified.png",,20,c.scree,,,c.speed_multiplier * 0.75,,,,"""fire""",,,0,"data/entities/misc/custom_cards/nuke.xml",,"card_unlocked_nuke","add_projectile(""data/entities/projectiles/deck/nuke.xml"");c.fire_rate_wait = 20;c.speed_multiplier = c.speed_multiplier * 0.75;c.material = ""fire"";c.material_amount = c.material_amou;c.ragdoll_fx = 2;c.gore_particles = c.gore_particles + 10;c.screenshake = c.scree;c.speed_multiplier = math.mi;c.speed_multiplier = 0;"
SLOW_BULLET_TRIGGER,"$action_slow_bullet_trigger","$actiondesc_slow_bullet_trigger",ACTION_TYPE_PROJECTILE,200,50,,"1,2,3,4,5","0.5,0.5,0.5,0.5,1","data/ui_gfx/gun_actions/slow_bullet_trigger.png","data/ui_gfx/gun_actions/slow_bullet_trigger_unidentified.png",,c.fire_rate_wait + 25,c.scree,c.spread_degrees + 10,,,,,,,,,0,"data/entities/misc/custom_cards/bullet_slow.xml",,,"c.fire_rate_wait = c.fire_rate_wait + 25;c.screenshake = c.scree;c.spread_degrees = c.spread_degrees + 10;add_projectile_trigger_hit_world(""data/entities/projectiles/deck/bullet_slow.xml"", 1);"
NUKE_GIGA,"$action_nuke_giga","$actiondesc_nuke_giga",ACTION_TYPE_PROJECTILE,800,500,1,10,1,"data/ui_gfx/gun_actions/nuke_giga.png","data/ui_gfx/gun_actions/nuke_unidentified.png",,50,c.scree,,,c.speed_multiplier * 0.5,,,,"""fire""",,,0,"data/entities/misc/custom_cards/nuke_giga.xml",true,"card_unlocked_nukegiga","add_projectile(""data/entities/projectiles/deck/nuke_giga.xml"");c.fire_rate_wait = 50;c.speed_multiplier = c.speed_multiplier * 0.5;c.material = ""fire"";c.material_amount = c.material_amou;c.ragdoll_fx = 2;c.gore_particles = c.gore_particles + 30;c.screenshake = c.scree;c.speed_multiplier = math.mi;c.speed_multiplier = 0;"
FIREWORK,"$action_firework","$actiondesc_firework",ACTION_TYPE_PROJECTILE,220,70,25,"1,2,3,4,5,6","1,0.8,1,1,0.5,0.3","data/ui_gfx/gun_actions/fireworks.png","data/ui_gfx/gun_actions/rocket_unidentified.png",,c.fire_rate_wait + 60,,,,,,,,,,,0,,,"card_unlocked_firework","add_projectile(""data/entities/projectiles/deck/fireworks/"" .. firework_name);c.fire_rate_wait = c.fire_rate_wait + 60;c.ragdoll_fx = 2;"
SUMMON_WANDGHOST,"$action_summon_wandghost","$actiondesc_summon_wandghost",ACTION_TYPE_UTILITY,420,300,1,"2,4,5,6,10","0.08,0.1,0.3,0.3,0.1","data/ui_gfx/gun_actions/summon_wandghost.png","data/ui_gfx/gun_actions/rocket_unidentified.png",,,,,,,,,,,,,0,,true,,"add_projectile(""data/entities/projectiles/deck/wand_ghost_player.xml"");add_projectile(""data/entities/particles/image_emitters/wand_effect.xml"");"
TOUCH_GOLD,"$action_touch_gold","$actiondesc_touch_gold",ACTION_TYPE_MATERIAL,480,300,1,"1,2,3,4,5,6,7,10","0,0,0,0,0.1,0.1,0.1,0.5","data/ui_gfx/gun_actions/touch_gold.png","data/ui_gfx/gun_actions/rocket_unidentified.png",,,,,,,,,,,,,0,,true,,"add_projectile(""data/entities/projectiles/deck/touch_gold.xml"");"
TOUCH_WATER,"$action_touch_water","$actiondesc_touch_water",ACTION_TYPE_MATERIAL,420,280,5,"1,2,3,4,5,6,7,10","0,0,0,0,0.1,0.1,0.1,0.4","data/ui_gfx/gun_actions/touch_water.png","data/ui_gfx/gun_actions/rocket_unidentified.png",,,,,,,,,,,,,0,,,,"add_projectile(""data/entities/projectiles/deck/touch_water.xml"");"
TOUCH_OIL,"$action_touch_oil","$actiondesc_touch_oil",ACTION_TYPE_MATERIAL,380,260,5,"1,2,3,4,5,6,7,10","0,0,0,0,0.1,0.1,0.1,0.4","data/ui_gfx/gun_actions/touch_oil.png","data/ui_gfx/gun_actions/rocket_unidentified.png",,,,,,,,,,,,,0,,,,"add_projectile(""data/entities/projectiles/deck/touch_oil.xml"");"
TOUCH_ALCOHOL,"$action_touch_alcohol","$actiondesc_touch_alcohol",ACTION_TYPE_MATERIAL,360,240,5,"1,2,3,4,5,6,7,10","0,0,0,0,0.1,0.1,0.1,0.4","data/ui_gfx/gun_actions/touch_alcohol.png","data/ui_gfx/gun_actions/rocket_unidentified.png",,,,,,,,,,,,,0,,,,"add_projectile(""data/entities/projectiles/deck/touch_alcohol.xml"");"
TOUCH_PISS,"$action_touch_piss","$actiondesc_touch_piss",ACTION_TYPE_MATERIAL,360,190,4,"1,2,3,4,5,6,7,10","0,0,0,0,0.035,0.035,0.035,0.1","data/ui_gfx/gun_actions/touch_piss.png","data/ui_gfx/gun_actions/rocket_unidentified.png",,,,,,,,,,,,,0,,,"card_unlocked_piss","add_projectile(""data/entities/projectiles/deck/touch_piss.xml"");"
TOUCH_GRASS,"$action_touch_grass","$actiondesc_touch_grass",ACTION_TYPE_MATERIAL,360,190,4,"1,2,3,4,5,6,7,10","0,0,0,0,0.1,0.1,0.1,0.2","data/ui_gfx/gun_actions/touch_grass.png","data/ui_gfx/gun_actions/rocket_unidentified.png",,,,,,,,,,,,,0,"data/entities/misc/custom_cards/touch_grass.xml",true,"card_unlocked_touch_grass","add_projectile(""data/entities/projectiles/deck/touch_grass.xml"");"
TOUCH_BLOOD,"$action_touch_blood","$actiondesc_touch_blood",ACTION_TYPE_MATERIAL,390,270,3,"1,2,3,4,5,6,7,10","0,0,0,0,0.1,0.1,0.1,0.5","data/ui_gfx/gun_actions/touch_blood.png","data/ui_gfx/gun_actions/rocket_unidentified.png",,,,,,,,,,,,,0,,,,"add_projectile(""data/entities/projectiles/deck/touch_blood.xml"");"
SLOW_BULLET_TIMER,"$action_slow_bullet_timer","$actiondesc_slow_bullet_timer",ACTION_TYPE_PROJECTILE,200,50,,"1,2,3,4,5,6","0.5,0.5,0.5,0.5,1,1","data/ui_gfx/gun_actions/slow_bullet_timer.png","data/ui_gfx/gun_actions/slow_bullet_timer_unidentified.png",,c.fire_rate_wait + 6,c.scree,c.spread_degrees + 3.6,,,,,,,,,0,"data/entities/misc/custom_cards/bullet_slow.xml",,,"c.fire_rate_wait = c.fire_rate_wait + 6;c.screenshake = c.scree;c.spread_degrees = c.spread_degrees + 3.6;add_projectile_trigger_timer(""data/entities/projectiles/deck/bullet_slow.xml"", 100, 1);"
TOUCH_SMOKE,"$action_touch_smoke","$actiondesc_touch_smoke",ACTION_TYPE_MATERIAL,350,230,5,"1,2,3,4,5,6,7,10","0,0,0,0,0.1,0.1,0.1,0.4","data/ui_gfx/gun_actions/touch_smoke.png","data/ui_gfx/gun_actions/rocket_unidentified.png",,,,,,,,,,,,,0,,,,"add_projectile(""data/entities/projectiles/deck/touch_smoke.xml"");"
DESTRUCTION,"$action_destruction","$actiondesc_destruction",ACTION_TYPE_STATIC_PROJECTILE,600,240,5,10,1,"data/ui_gfx/gun_actions/destruction.png","data/ui_gfx/gun_actions/rocket_unidentified.png",,c.fire_rate_wait + 150,,,,,,,,,,,0,,,"card_unlocked_destruction","add_projectile(""data/entities/projectiles/deck/destruction.xml"");c.fire_rate_wait = c.fire_rate_wait + 150;"
MASS_POLYMORPH,"$action_mass_polymorph","$actiondesc_mass_polymorph",ACTION_TYPE_STATIC_PROJECTILE,600,220,3,10,1,"data/ui_gfx/gun_actions/polymorph.png","data/ui_gfx/gun_actions/rocket_unidentified.png",,c.fire_rate_wait + 140,,,,,,,,,,,0,,,"card_unlocked_polymorph","add_projectile(""data/entities/projectiles/deck/mass_polymorph.xml"");c.fire_rate_wait = c.fire_rate_wait + 140;"
BURST_2,"$action_burst_2","$actiondesc_burst_2",ACTION_TYPE_DRAW_MANY,140,0,,"0,1,2,3,4,5,6","0.8,0.8,0.8,0.8,0.8,0.8,0.8","data/ui_gfx/gun_actions/burst_2.png","data/ui_gfx/gun_actions/burst_2_unidentified.png",,,,,,,,,,,,,0,,,,
BURST_3,"$action_burst_3","$actiondesc_burst_3",ACTION_TYPE_DRAW_MANY,160,2,,"1,2,3,4,5,6","0.7,0.7,0.7,0.7,0.7,0.7","data/ui_gfx/gun_actions/burst_3.png","data/ui_gfx/gun_actions/burst_3_unidentified.png",,,,,,,,,,,,,0,,,,
BURST_4,"$action_burst_4","$actiondesc_burst_4",ACTION_TYPE_DRAW_MANY,180,5,,"2,3,4,5,6","0.4,0.5,0.6,0.6,0.6","data/ui_gfx/gun_actions/burst_4.png","data/ui_gfx/gun_actions/burst_4_unidentified.png",,,,,,,,,,,,,0,,,,
BURST_8,"$action_burst_8","$actiondesc_burst_8",ACTION_TYPE_DRAW_MANY,300,30,,"5,6,10","0.1,0.1,0.5","data/ui_gfx/gun_actions/burst_8.png","data/ui_gfx/gun_actions/burst_4_unidentified.png",,,,,,,,,,,,,0,,,"card_unlocked_musicbox",
BURST_X,"$action_burst_x","$actiondesc_burst_x",ACTION_TYPE_DRAW_MANY,500,50,30,"5,6,10","0.1,0.1,0.5","data/ui_gfx/gun_actions/burst_x.png","data/ui_gfx/gun_actions/burst_4_unidentified.png",,,,,,,,,,,,,0,,,"card_unlocked_musicbox",
SCATTER_2,"$action_scatter_2","$actiondesc_scatter_2",ACTION_TYPE_DRAW_MANY,100,0,,"0,1,2","0.8,0.8,0.7","data/ui_gfx/gun_actions/scatter_2.png","data/ui_gfx/gun_actions/scatter_2_unidentified.png",,,,c.spread_degrees + 10.0,,,,,,,,,0,,,,c.spread_degrees = c.spread_degrees + 10.0;
SCATTER_3,"$action_scatter_3","$actiondesc_scatter_3",ACTION_TYPE_DRAW_MANY,120,1,,"0,1,2,3","0.6,0.7,0.7,0.8","data/ui_gfx/gun_actions/scatter_3.png","data/ui_gfx/gun_actions/scatter_3_unidentified.png",,,,c.spread_degrees + 20.0,,,,,,,,,0,,,,c.spread_degrees = c.spread_degrees + 20.0;
HOOK,"$action_hook","$actiondesc_hook",ACTION_TYPE_PROJECTILE,120,30,,"1,2,3,4,5","0.1,0.3,0.4,0.2,0.1","data/ui_gfx/gun_actions/hook.png","data/ui_gfx/gun_actions/bullet_unidentified.png",,c.fire_rate_wait + 12,,,,,,,,,,,0,,,,"add_projectile(""data/entities/projectiles/deck/hook.xml"");c.fire_rate_wait = c.fire_rate_wait + 12;"
SCATTER_4,"$action_scatter_4","$actiondesc_scatter_4",ACTION_TYPE_DRAW_MANY,140,2,,"1,2,3,4,5,6","0.5,0.6,0.7,0.8,0.8,0.6","data/ui_gfx/gun_actions/scatter_4.png","data/ui_gfx/gun_actions/scatter_4_unidentified.png",,,,c.spread_degrees + 40.0,,,,,,,,,0,,,,c.spread_degrees = c.spread_degrees + 40.0;
I_SHAPE,"$action_i_shape","$actiondesc_i_shape",ACTION_TYPE_DRAW_MANY,30,0,,"1,2,3","0.4,0.5,0.3","data/ui_gfx/gun_actions/i_shape.png","data/ui_gfx/gun_actions/i_shape_unidentified.png",,,,c.spread_degrees - 5.0,,,,,,,,,0,,,,"c.pattern_degrees = 180;c.spread_degrees = c.spread_degrees - 5.0;"
Y_SHAPE,"$action_y_shape","$actiondesc_y_shape",ACTION_TYPE_DRAW_MANY,30,2,,"0,1,2,3","0.8,0.5,0.4,0.3","data/ui_gfx/gun_actions/y_shape.png","data/ui_gfx/gun_actions/y_shape_unidentified.png",,,,c.spread_degrees - 8.0,,,,,,,,,0,,,,"c.pattern_degrees = 45;c.spread_degrees = c.spread_degrees - 8.0;"
T_SHAPE,"$action_t_shape","$actiondesc_t_shape",ACTION_TYPE_DRAW_MANY,30,3,,"1,2,3,4","0.4,0.5,0.4,0.3","data/ui_gfx/gun_actions/t_shape.png","data/ui_gfx/gun_actions/t_shape_unidentified.png",,,,c.spread_degrees - 8.0,,,,,,,,,0,,,,"c.pattern_degrees = 90;c.spread_degrees = c.spread_degrees - 8.0;"
W_SHAPE,"$action_w_shape","$actiondesc_w_shape",ACTION_TYPE_DRAW_MANY,50,3,,"2,3,4,5,6","0.4,0.3,0.5,0.3,0.3","data/ui_gfx/gun_actions/w_shape.png","data/ui_gfx/gun_actions/w_shape_unidentified.png",,,,c.spread_degrees - 5.0,,,,,,,,,0,,,,"c.pattern_degrees = 20;c.spread_degrees = c.spread_degrees - 5.0;"
CIRCLE_SHAPE,"$action_circle_shape","$actiondesc_circle_shape",ACTION_TYPE_DRAW_MANY,50,6,,"1,2,3,4,5,6","0.1,0.2,0.3,0.3,0.3,0.3","data/ui_gfx/gun_actions/circle_shape.png","data/ui_gfx/gun_actions/circle_shape_unidentified.png",,,,c.spread_degrees - 15.0,,,,,,,,,0,,,,"c.pattern_degrees = 180;c.spread_degrees = c.spread_degrees - 15.0;"
PENTAGRAM_SHAPE,"$action_pentagram_shape","$actiondesc_pentagram_shape",ACTION_TYPE_DRAW_MANY,50,5,,"1,2,3,4,5","0.4,0.4,0.3,0.2,0.1","data/ui_gfx/gun_actions/pentagram_shape.png","data/ui_gfx/gun_actions/pentagram_shape_unidentified.png",,,,c.spread_degrees - 12.0,,,,,,,,,0,,,,"c.pattern_degrees = 180;c.spread_degrees = c.spread_degrees - 12.0;"
I_SHOT,"$action_i_shot","$actiondesc_i_shot",ACTION_TYPE_UTILITY,130,40,30,"1,2,3","0.1,0.2,0.5","data/ui_gfx/gun_actions/i_shot.png","data/ui_gfx/gun_actions/i_shape_unidentified.png",,,,,,,,,,,,,0,,,,"add_projectile(proj);c.pattern_degrees = 180;"
Y_SHOT,"$action_y_shot","$actiondesc_y_shot",ACTION_TYPE_UTILITY,135,40,30,"1,2,3","0.1,0.2,0.5","data/ui_gfx/gun_actions/y_shot.png","data/ui_gfx/gun_actions/i_shape_unidentified.png",,,,,,,,,,,,,0,,,,"add_projectile(proj);c.pattern_degrees = 45;"
T_SHOT,"$action_t_shot","$actiondesc_t_shot",ACTION_TYPE_UTILITY,160,60,25,"2,3,5","0.1,0.2,0.5","data/ui_gfx/gun_actions/t_shot.png","data/ui_gfx/gun_actions/i_shape_unidentified.png",,,,,,,,,,,,,0,,,,"add_projectile(proj);c.pattern_degrees = 90;"
BLACK_HOLE,"$action_black_hole","$actiondesc_black_hole",ACTION_TYPE_PROJECTILE,200,180,3,"0,2,4,5","0.8,0.8,0.8,0.8","data/ui_gfx/gun_actions/black_hole.png","data/ui_gfx/gun_actions/black_hole_unidentified.png",,c.fire_rate_wait + 80,c.scree,,,,,,,,,,0,"data/entities/misc/custom_cards/black_hole.xml",true,,"add_projectile(""data/entities/projectiles/deck/black_hole.xml"");c.fire_rate_wait = c.fire_rate_wait + 80;c.screenshake = c.scree;"
W_SHOT,"$action_w_shot","$actiondesc_w_shot",ACTION_TYPE_UTILITY,180,70,20,"2,3,5,6","0.1,0.2,0.5,0.4","data/ui_gfx/gun_actions/w_shot.png","data/ui_gfx/gun_actions/i_shape_unidentified.png",,,,,,,,,,,,,0,,,,"add_projectile(proj);c.pattern_degrees = 20;"
QUAD_SHOT,"$action_quad_shot","$actiondesc_quad_shot",ACTION_TYPE_UTILITY,200,90,20,"1,2,4","0.1,0.2,0.5","data/ui_gfx/gun_actions/quad_shot.png","data/ui_gfx/gun_actions/i_shape_unidentified.png",,,,,,,,,,,,,0,,,,"add_projectile(proj);c.pattern_degrees = 180;"
PENTA_SHOT,"$action_penta_shot","$actiondesc_penta_shot",ACTION_TYPE_UTILITY,250,110,20,"3,4,5,6,10","0.1,0.2,0.5,0.5,0.2","data/ui_gfx/gun_actions/penta_shot.png","data/ui_gfx/gun_actions/i_shape_unidentified.png",,,,,,,,,,,,,0,,,,"add_projectile(proj);c.pattern_degrees = 180;"
HEXA_SHOT,"$action_hexa_shot","$actiondesc_hexa_shot",ACTION_TYPE_UTILITY,280,130,20,"3,4,5,6,10","0.1,0.2,0.5,0.5,0.2","data/ui_gfx/gun_actions/hexa_shot.png","data/ui_gfx/gun_actions/i_shape_unidentified.png",,,,,,,,,,,,,0,,,,"add_projectile(proj);c.pattern_degrees = 180;"
SPREAD_REDUCE,"$action_spread_reduce","$actiondesc_spread_reduce",ACTION_TYPE_MODIFIER,100,1,,"1,2,3,4,5,6","0.8,0.8,0.8,0.8,0.7,0.6","data/ui_gfx/gun_actions/spread_reduce.png","data/ui_gfx/gun_actions/spread_reduce_unidentified.png",,,,c.spread_degrees - 60.0,,,,,,,,,0,,,,c.spread_degrees = c.spread_degrees - 60.0;
HEAVY_SPREAD,"$action_heavy_spread","$actiondesc_heavy_spread",ACTION_TYPE_MODIFIER,100,2,,"0,1,2,4,5,6","0.6,0.7,0.8,0.8,0.8,0.6","data/ui_gfx/gun_actions/heavy_spread.png","data/ui_gfx/gun_actions/teleport_projectile_unidentified.png",,c.fire_rate_wait - 7,,c.spread_degrees + 720,,,,,,,,,0,,,,c.fire_rate_wait = c.fire_rate_wait - 7;c.spread_degrees = c.spread_degrees + 720;
RECHARGE,"$action_recharge","$actiondesc_recharge",ACTION_TYPE_MODIFIER,200,12,,"1,2,3,4,5,6","0.8,0.9,1,0.8,0.9,1","data/ui_gfx/gun_actions/recharge.png","data/ui_gfx/gun_actions/spread_reduce_unidentified.png",,c.fire_rate_wait - 10,,,,,,,,,,,0,,,,c.fire_rate_wait    = c.fire_rate_wait - 10;
LIFETIME,"$action_lifetime","$actiondesc_lifetime",ACTION_TYPE_MODIFIER,250,40,,"3,4,5,6,10","0.5,0.5,0.5,0.75,0.1","data/ui_gfx/gun_actions/lifetime.png","data/ui_gfx/gun_actions/spread_reduce_unidentified.png",,c.fire_rate_wait + 13,,,,,,,c.lifetime_add + 75,,,,0,"data/entities/misc/custom_cards/lifetime.xml",,,c.lifetime_add 		= c.lifetime_add + 75;c.fire_rate_wait = c.fire_rate_wait + 13;
LIFETIME_DOWN,"$action_lifetime_down","$actiondesc_lifetime_down",ACTION_TYPE_MODIFIER,90,10,,"3,4,5,6,10","0.5,0.5,0.75,0.5,0.1","data/ui_gfx/gun_actions/lifetime_down.png","data/ui_gfx/gun_actions/spread_reduce_unidentified.png",,c.fire_rate_wait - 15,,,,,,,c.lifetime_add - 42,,,,0,"data/entities/misc/custom_cards/lifetime_down.xml",,,c.lifetime_add 		= c.lifetime_add - 42;c.fire_rate_wait = c.fire_rate_wait - 15;
NOLLA,"$action_nolla","$actiondesc_nolla",ACTION_TYPE_MODIFIER,50,1,,"2,4,5,6,10","0.2,0.2,0.5,0.5,1","data/ui_gfx/gun_actions/nolla.png","data/ui_gfx/gun_actions/spread_reduce_unidentified.png",,c.fire_rate_wait - 15,,,,,,,,,,,0,,,"card_unlocked_pyramid","c.extra_entities = c.extra_e;c.fire_rate_wait = c.fire_rate_wait - 15;"
BLACK_HOLE_DEATH_TRIGGER,"$action_black_hole_death_trigger","$actiondesc_black_hole_death_trigger",ACTION_TYPE_PROJECTILE,220,200,3,"2,4,5,6","0.5,0.5,0.5,0.5","data/ui_gfx/gun_actions/black_hole_timer.png","data/ui_gfx/gun_actions/black_hole_unidentified.png",,c.fire_rate_wait + 90,c.scree,,,,,,,,,,0,"data/entities/misc/custom_cards/black_hole.xml",true,,"add_projectile_trigger_death(""data/entities/projectiles/deck/black_hole.xml"", 1);c.fire_rate_wait = c.fire_rate_wait + 90;c.screenshake = c.scree;"
SLOW_BUT_STEADY,"$action_slow_but_steady","$actiondesc_slow_but_steady",ACTION_TYPE_MODIFIER,50,0,,"3,4,5,6,10","0.1,0.2,0.6,0.6,0.4","data/ui_gfx/gun_actions/slow_but_steady.png","data/ui_gfx/gun_actions/spread_reduce_unidentified.png",,,,,,,,,,,,,0,,,"card_unlocked_maths",
EXPLOSION_REMOVE,"$action_explosion_remove","$actiondesc_explosion_remove",ACTION_TYPE_MODIFIER,50,0,,"2,4,5,6","0.2,0.6,0.7,0.2","data/ui_gfx/gun_actions/explosion_remove.png","data/ui_gfx/gun_actions/spread_reduce_unidentified.png",,c.fire_rate_wait - 15,,,,,c.explosio,c.damage_explosio,,,,,0,,,,"c.extra_entities = c.extra_e;c.fire_rate_wait = c.fire_rate_wait - 15;c.explosion_radius = c.explosio;c.damage_explosion_add = c.damage_explosio;"
EXPLOSION_TINY,"$action_explosion_tiny","$actiondesc_explosion_tiny",ACTION_TYPE_MODIFIER,160,40,,"2,4,5,6","0.2,0.6,0.7,0.2","data/ui_gfx/gun_actions/explosion_tiny.png","data/ui_gfx/gun_actions/spread_reduce_unidentified.png",,c.fire_rate_wait + 15,,,,,c.explosio,c.damage_explosio,,,,,0,,,,"c.extra_entities = c.extra_e;c.fire_rate_wait = c.fire_rate_wait + 15;c.explosion_radius = c.explosio;c.damage_explosion_add = c.damage_explosio;"
LASER_EMITTER_WIDER,"$action_laser_emitter_wider","$actiondesc_laser_emitter_wider",ACTION_TYPE_MODIFIER,40,10,,"2,3,4","0.3,0.3,0.4","data/ui_gfx/gun_actions/laser_emitter_wider.png","data/ui_gfx/gun_actions/burn_trail_unidentified.png",,,,,,,,,,,,,0,,,,"c.extra_entities = c.extra_e;"
MANA_REDUCE,"$action_mana_reduce","$actiondesc_mana_reduce",ACTION_TYPE_MODIFIER,250,,,"1,2,3,4,5,6","0.7,0.9,1,1,1,1","data/ui_gfx/gun_actions/mana.png","data/ui_gfx/gun_actions/spread_reduce_unidentified.png",,c.fire_rate_wait + 10,,,,,,,,,,,0,"data/entities/misc/custom_cards/mana_reduce.xml",,,c.fire_rate_wait = c.fire_rate_wait + 10;
BLOOD_MAGIC,"$action_blood_magic","$actiondesc_blood_magic",ACTION_TYPE_UTILITY,150,,,"5,6,10","0.3,0.7,0.5","data/ui_gfx/gun_actions/blood_magic.png","data/ui_gfx/gun_actions/spread_reduce_unidentified.png",,c.fire_rate_wait - 20,,,,,,,,,,,0,"data/entities/misc/custom_cards/blood_magic.xml",,,"c.extra_entities = c.extra_e;c.fire_rate_wait = c.fire_rate_wait - 20;"
MONEY_MAGIC,"$action_money_magic","$actiondesc_money_magic",ACTION_TYPE_UTILITY,200,30,,"3,5,6,10","0.2,0.8,0.3,0.5","data/ui_gfx/gun_actions/golden_punch.png","data/ui_gfx/gun_actions/spread_reduce_unidentified.png",,,,,,,,,,,,,0,"data/entities/misc/custom_cards/money_magic.xml",,,"c.extra_entities = c.extra_e;c.damage_projectile_add = c.damage_projectile_add + ( damage / 25 );c.damage_projectile_add = c.damage_projectile_add + ( damage / 35 );c.damage_projectile_add = c.damage_projectile_add + ( damage / 45 );c.damage_projectile_add = c.damage_projectile_add + ( damage / 55 );"
BLOOD_TO_POWER,"$action_blood_to_power","$actiondesc_blood_to_power",ACTION_TYPE_UTILITY,150,20,,"2,5,6,10","0.2,0.8,0.2,0.5","data/ui_gfx/gun_actions/blood_punch.png","data/ui_gfx/gun_actions/spread_reduce_unidentified.png",,,,,,,,,,,,,0,"data/entities/misc/custom_cards/blood_to_power.xml",,,"c.extra_entities = c.extra_e;c.damage_projectile_add = c.damage_projectile_add + damage;"
DUPLICATE,"$action_duplicate","$actiondesc_duplicate",ACTION_TYPE_OTHER,250,250,,"5,6,10","0.1,0.2,1","data/ui_gfx/gun_actions/duplicate.png","data/ui_gfx/gun_actions/spread_reduce_unidentified.png",,c.fire_rate_wait + 20,,,,,,,,,,,0,,,"card_unlocked_mestari",c.fire_rate_wait = c.fire_rate_wait + 20;
QUANTUM_SPLIT,"$action_quantum_split","$actiondesc_quantum_split",ACTION_TYPE_MODIFIER,200,10,,"2,3,4,5,6","0.5,0.6,0.5,0.5,1","data/ui_gfx/gun_actions/quantum_split.png","data/ui_gfx/gun_actions/spread_reduce_unidentified.png",,c.fire_rate_wait + 5,,,,,,,,,,,0,,,,"c.extra_entities = c.extra_e;c.fire_rate_wait = c.fire_rate_wait + 5;"
WHITE_HOLE,"$action_white_hole","$actiondesc_white_hole",ACTION_TYPE_PROJECTILE,200,180,3,"0,2,4,6,10","0.05,0.05,0.1,0.2,0.5","data/ui_gfx/gun_actions/white_hole.png","data/ui_gfx/gun_actions/black_hole_unidentified.png",,c.fire_rate_wait + 80,c.scree,,,,,,,,,,0,"data/entities/misc/custom_cards/white_hole.xml",true,,"add_projectile(""data/entities/projectiles/deck/white_hole.xml"");c.fire_rate_wait = c.fire_rate_wait + 80;c.screenshake = c.scree;"
BOMB,"$action_bomb","$actiondesc_bomb",ACTION_TYPE_PROJECTILE,200,25,3,"0,1,2,3,4,5,6","1,1,1,1,0.5,0.5,0.1","data/ui_gfx/gun_actions/bomb.png","data/ui_gfx/gun_actions/bomb_unidentified.png",,c.fire_rate_wait + 100,,,,,,,,,,,0,"data/entities/misc/custom_cards/bomb.xml",,,"add_projectile(""data/entities/projectiles/bomb.xml"");c.fire_rate_wait = c.fire_rate_wait + 100;"
GRAVITY,"$action_gravity","$actiondesc_gravity",ACTION_TYPE_MODIFIER,50,1,,"2,3,4,5,6","0.5,0.4,0.4,0.3,0.3","data/ui_gfx/gun_actions/gravity.png","data/ui_gfx/gun_actions/w_shape_unidentified.png",,,,,,,,,,,,,0,,,,c.gravity = c.gravity + 600.0;
GRAVITY_ANTI,"$action_gravity_anti","$actiondesc_gravity_anti",ACTION_TYPE_MODIFIER,50,1,,"2,3,4,5,6","0.5,0.4,0.4,0.3,0.3","data/ui_gfx/gun_actions/gravity_anti.png","data/ui_gfx/gun_actions/w_shape_unidentified.png",,,,,,,,,,,,,0,,,,c.gravity = c.gravity - 600.0;
SINEWAVE,"$action_sinewave","$actiondesc_sinewave",ACTION_TYPE_MODIFIER,10,0,,"2,4,6","0.4,0.55,0.4","data/ui_gfx/gun_actions/sinewave.png","data/ui_gfx/gun_actions/sinewave_unidentified.png",,,,,,c.speed_multiplier * 2,,,,,,,0,,,,"c.extra_entities = c.extra_e;c.speed_multiplier = c.speed_multiplier * 2;c.speed_multiplier = math.mi;c.speed_multiplier = 0;"
CHAOTIC_ARC,"$action_chaotic_arc","$actiondesc_chaotic_arc",ACTION_TYPE_MODIFIER,10,0,,"1,3,5","0.4,0.55,0.4","data/ui_gfx/gun_actions/chaotic_arc.png","data/ui_gfx/gun_actions/sinewave_unidentified.png",,,,,,c.speed_multiplier * 2,,,,,,,0,,,,"c.extra_entities = c.extra_e;c.speed_multiplier = c.speed_multiplier * 2;c.speed_multiplier = math.mi;c.speed_multiplier = 0;"
PINGPONG_PATH,"$action_pingpong_path","$actiondesc_pingpong_path",ACTION_TYPE_MODIFIER,20,0,,"1,3,5","0.4,0.5,0.4","data/ui_gfx/gun_actions/pingpong_path.png","data/ui_gfx/gun_actions/sinewave_unidentified.png",,,,,,,,,c.lifetime_add + 25,,,,0,,,,"c.extra_entities = c.extra_e;c.lifetime_add = c.lifetime_add + 25;"
AVOIDING_ARC,"$action_avoiding_arc","$actiondesc_avoiding_arc",ACTION_TYPE_MODIFIER,30,0,,"2,4,6","0.5,0.4,0.4","data/ui_gfx/gun_actions/avoiding_arc.png","data/ui_gfx/gun_actions/sinewave_unidentified.png",,c.fire_rate_wait + 10,,,,,,,,,,,0,,,,"c.extra_entities = c.extra_e;c.fire_rate_wait    = c.fire_rate_wait + 10;"
FLOATING_ARC,"$action_floating_arc","$actiondesc_floating_arc",ACTION_TYPE_MODIFIER,30,0,,"1,3,5","0.4,0.4,0.5","data/ui_gfx/gun_actions/floating_arc.png","data/ui_gfx/gun_actions/sinewave_unidentified.png",,c.fire_rate_wait + 10,,,,,,,,,,,0,,,,"c.extra_entities = c.extra_e;c.fire_rate_wait    = c.fire_rate_wait + 10;"
FLY_DOWNWARDS,"$action_fly_downwards","$actiondesc_fly_downwards",ACTION_TYPE_MODIFIER,30,0,,"1,3,5","0.3,0.45,0.3","data/ui_gfx/gun_actions/fly_downwards.png","data/ui_gfx/gun_actions/sinewave_unidentified.png",,c.fire_rate_wait - 8,,,,c.speed_multiplier * 1.2,,,,,,,0,,,,"c.extra_entities = c.extra_e;c.fire_rate_wait    = c.fire_rate_wait - 8;c.speed_multiplier	= c.speed_multiplier * 1.2;"
FLY_UPWARDS,"$action_fly_upwards","$actiondesc_fly_upwards",ACTION_TYPE_MODIFIER,20,0,,"2,4,6","0.3,0.45,0.3","data/ui_gfx/gun_actions/fly_upwards.png","data/ui_gfx/gun_actions/sinewave_unidentified.png",,c.fire_rate_wait - 8,,,,c.speed_multiplier * 1.2,,,,,,,0,,,,"c.extra_entities = c.extra_e;c.fire_rate_wait    = c.fire_rate_wait - 8;c.speed_multiplier	= c.speed_multiplier * 1.2;"
HORIZONTAL_ARC,"$action_horizontal_arc","$actiondesc_horizontal_arc",ACTION_TYPE_MODIFIER,20,0,,"1,3,5","0.4,0.4,0.4","data/ui_gfx/gun_actions/horizontal_arc.png","data/ui_gfx/gun_actions/sinewave_unidentified.png",,c.fire_rate_wait - 6,,,,,,,,,,,0,,,,"c.extra_entities = c.extra_e;c.damage_projectile_add = c.damage_projectile_add + 0.3;c.fire_rate_wait    = c.fire_rate_wait - 6;"
BLACK_HOLE_BIG,"$action_black_hole_big","$actiondesc_black_hole_big",ACTION_TYPE_STATIC_PROJECTILE,320,240,6,"1,3,5,6,10","0.8,0.8,0.8,0.8,0.5","data/ui_gfx/gun_actions/black_hole_big.png","data/ui_gfx/gun_actions/black_hole_big_unidentified.png",,c.fire_rate_wait + 80,c.scree,,,,,,,,,,0,"data/entities/misc/custom_cards/black_hole_big.xml",,,"add_projectile(""data/entities/projectiles/deck/black_hole_big.xml"");c.fire_rate_wait = c.fire_rate_wait + 80;c.screenshake = c.scree;"
LINE_ARC,"$action_line_arc","$actiondesc_line_arc",ACTION_TYPE_MODIFIER,30,0,,"1,3,5","0.3,0.4,0.5","data/ui_gfx/gun_actions/line_arc.png","data/ui_gfx/gun_actions/sinewave_unidentified.png",,c.fire_rate_wait - 4,,,,,,,,,,,0,,,,"c.extra_entities = c.extra_e;c.damage_projectile_add = c.damage_projectile_add + 0.2;c.fire_rate_wait    = c.fire_rate_wait - 4;"
ORBIT_SHOT,"$action_orbit_shot","$actiondesc_orbit_shot",ACTION_TYPE_MODIFIER,30,0,,"1,2,3,4","0.2,0.4,0.4,0.3","data/ui_gfx/gun_actions/orbit_shot.png","data/ui_gfx/gun_actions/sinewave_unidentified.png",,c.fire_rate_wait - 6,,,,,,,c.lifetime_add + 25,,,,0,,,,"c.extra_entities = c.extra_e;c.damage_projectile_add = c.damage_projectile_add + 0.1;c.fire_rate_wait    = c.fire_rate_wait - 6;c.lifetime_add 		= c.lifetime_add + 25;"
SPIRALING_SHOT,"$action_spiraling_shot","$actiondesc_spiraling_shot",ACTION_TYPE_MODIFIER,30,0,,"1,2,3,4","0.2,0.3,0.4,0.5","data/ui_gfx/gun_actions/spiraling_shot.png","data/ui_gfx/gun_actions/sinewave_unidentified.png",,c.fire_rate_wait - 6,,,,,,,c.lifetime_add + 50,,,,0,,,,"c.extra_entities = c.extra_e;c.damage_projectile_add = c.damage_projectile_add + 0.1;c.fire_rate_wait    = c.fire_rate_wait - 6;c.lifetime_add 		= c.lifetime_add + 50;"
PHASING_ARC,"$action_phasing_arc","$actiondesc_phasing_arc",ACTION_TYPE_MODIFIER,170,2,,"2,3,4,5","0.2,0.3,0.6,0.1","data/ui_gfx/gun_actions/phasing_arc.png","data/ui_gfx/gun_actions/sinewave_unidentified.png",,c.fire_rate_wait - 12,,,,c.speed_multiplier * 0.33,,,c.lifetime_add + 80,,,,0,,,,"c.extra_entities = c.extra_e;c.fire_rate_wait    = c.fire_rate_wait - 12;c.lifetime_add 		= c.lifetime_add + 80;c.speed_multiplier	= c.speed_multiplier * 0.33;c.child_speed_multiplier	= c.child_speed_multiplier * 0.33;c.speed_multiplier = math.mi;c.speed_multiplier = 0;"
TRUE_ORBIT,"$action_true_orbit","$actiondesc_true_orbit",ACTION_TYPE_MODIFIER,40,2,,"2,3,4","0.2,0.3,0.4","data/ui_gfx/gun_actions/true_orbit.png","data/ui_gfx/gun_actions/sinewave_unidentified.png",,c.fire_rate_wait - 20,,,,,,,c.lifetime_add + 80,,,,0,,,,"c.extra_entities = c.extra_e;c.damage_projectile_add = c.damage_projectile_add + 0.1;c.fire_rate_wait    = c.fire_rate_wait - 20;c.lifetime_add 		= c.lifetime_add + 80;"
BOUNCE,"$action_bounce","$actiondesc_bounce",ACTION_TYPE_MODIFIER,50,0,,"2,3,4,6","1,1,0.4,0.2","data/ui_gfx/gun_actions/bounce.png","data/ui_gfx/gun_actions/bounce_unidentified.png",,,,,,,,,,,,,0,,,,"c.bounces = c.bou;"
REMOVE_BOUNCE,"$action_remove_bounce","$actiondesc_remove_bounce",ACTION_TYPE_MODIFIER,50,0,,"2,3,4,5","0.2,0.2,1,1","data/ui_gfx/gun_actions/remove_bounce.png","data/ui_gfx/gun_actions/bounce_unidentified.png",,,,,,,,,,,,,0,,,,"c.extra_entities = c.extra_e;c.bounces = 0;"
HOMING,"$action_homing","$actiondesc_homing",ACTION_TYPE_MODIFIER,220,70,,"1,2,3,4,5,6","0.1,0.4,0.4,0.4,0.4,0.4","data/ui_gfx/gun_actions/homing.png","data/ui_gfx/gun_actions/homing_unidentified.png",,,,,,,,,,,,,0,,,,"c.extra_entities = c.extra_e;"
ANTI_HOMING,"$action_anti_homing","$actiondesc_anti_homing",ACTION_TYPE_MODIFIER,110,1,,"1,2,3,4,5,6","0.05,0.3,0.3,0.1,0.1,0.01","data/ui_gfx/gun_actions/anti_homing.png","data/ui_gfx/gun_actions/anti_homing_unidentified.png",,c.fire_rate_wait - 20,,,,,,,,,,,0,,,,"c.extra_entities = c.extra_e;c.fire_rate_wait    = c.fire_rate_wait - 20;"
HOMING_WAND,"$action_homing_wand","$actiondesc_homing_wand",ACTION_TYPE_MODIFIER,500,200,,"1,2,4,5,6,10","0.00001,0.08,0.08,0.25,0.25,0.2","data/ui_gfx/gun_actions/homing_wand.png","data/ui_gfx/gun_actions/homing_unidentified.png",,,,,,,,,,,,,0,,,"card_unlocked_homing_wand","c.extra_entities = c.extra_e;"
WHITE_HOLE_BIG,"$action_white_hole_big","$actiondesc_white_hole_big",ACTION_TYPE_STATIC_PROJECTILE,320,240,6,"1,3,5,6,10","0.05,0.05,0.1,0.4,0.2","data/ui_gfx/gun_actions/white_hole_big.png","data/ui_gfx/gun_actions/black_hole_big_unidentified.png",,c.fire_rate_wait + 80,c.scree,,,,,,,,,,0,"data/entities/misc/custom_cards/white_hole_big.xml",,,"add_projectile(""data/entities/projectiles/deck/white_hole_big.xml"");c.fire_rate_wait = c.fire_rate_wait + 80;c.screenshake = c.scree;"
HOMING_SHORT,"$action_homing_short","$actiondesc_homing_short",ACTION_TYPE_MODIFIER,160,40,,"1,2,3,4,5,6","0.4,0.8,1,0.4,0.3,0.1","data/ui_gfx/gun_actions/homing_short.png","data/ui_gfx/gun_actions/homing_unidentified.png",,,,,,,,,,,,,0,,,,"c.extra_entities = c.extra_e;"
HOMING_ROTATE,"$action_homing_rotate","$actiondesc_homing_rotate",ACTION_TYPE_MODIFIER,175,40,,"2,3,4,5,6","0.2,0.4,0.6,0.4,0.4","data/ui_gfx/gun_actions/homing_rotate.png","data/ui_gfx/gun_actions/homing_unidentified.png",,,,,,,,,,,,,0,,,,"c.extra_entities = c.extra_e;"
HOMING_SHOOTER,"$action_homing_shooter","$actiondesc_homing_shooter",ACTION_TYPE_MODIFIER,100,10,,"2,3,4,6","0.2,0.3,0.2,0.2","data/ui_gfx/gun_actions/homing_shooter.png","data/ui_gfx/gun_actions/homing_unidentified.png",,,,,,,,,,,,,0,,,,"c.extra_entities = c.extra_e;"
AUTOAIM,"$action_autoaim","$actiondesc_autoaim",ACTION_TYPE_MODIFIER,150,25,,"2,3,4,5,6","0.4,0.4,0.4,0.4,0.4","data/ui_gfx/gun_actions/autoaim.png","data/ui_gfx/gun_actions/autoaim_unidentified.png",,,,,,,,,,,,,0,,,,"c.extra_entities = c.extra_e;"
HOMING_ACCELERATING,"$action_homing_accelerating","$actiondesc_homing_accelerating",ACTION_TYPE_MODIFIER,180,60,,"1,2,3,4","0.1,0.3,0.3,0.5","data/ui_gfx/gun_actions/homing_accelerating.png","data/ui_gfx/gun_actions/homing_unidentified.png",,,,,,,,,,,,,0,,,,"c.extra_entities = c.extra_e;"
HOMING_CURSOR,"$action_homing_cursor","$actiondesc_homing_cursor",ACTION_TYPE_MODIFIER,175,30,,"2,3,4,5,6","0.7,0.7,0.4,0.4,1","data/ui_gfx/gun_actions/homing_cursor.png","data/ui_gfx/gun_actions/homing_unidentified.png",,,,,,,,,,,,,0,,,,"c.extra_entities = c.extra_e;"
HOMING_AREA,"$action_homing_area","$actiondesc_homing_area",ACTION_TYPE_MODIFIER,175,60,,"2,3,4,5,6","0.2,0.4,0.6,0.7,0.4","data/ui_gfx/gun_actions/homing_area.png","data/ui_gfx/gun_actions/homing_unidentified.png",,c.fire_rate_wait + 8,,c.spread_degrees + 6,,c.speed_multiplier * 0.75,,,,,,,0,,,,"c.extra_entities = c.extra_e;c.fire_rate_wait    = c.fire_rate_wait + 8;c.spread_degrees = c.spread_degrees + 6;c.speed_multiplier	= c.speed_multiplier * 0.75;c.speed_multiplier = math.mi;c.speed_multiplier = 0;"
PIERCING_SHOT,"$action_piercing_shot","$actiondesc_piercing_shot",ACTION_TYPE_MODIFIER,190,140,,"2,3,4,5,6","0.4,0.5,0.6,0.6,0.4","data/ui_gfx/gun_actions/piercing_shot.png","data/ui_gfx/gun_actions/homing_unidentified.png",,,,,,,,,,,,,0,,,,"c.damage_projectile_add = c.damage_projectile_add - 0.6;c.extra_entities = c.extra_e;c.friendly_fire		= true;"
CLIPPING_SHOT,"$action_clipping_shot","$actiondesc_clipping_shot",ACTION_TYPE_MODIFIER,200,160,,"2,3,4,5,6","0.2,0.3,0.6,0.4,0.6","data/ui_gfx/gun_actions/clipping_shot.png","data/ui_gfx/gun_actions/homing_unidentified.png",,c.fire_rate_wait + 50,,,,,,,,,,,0,,,,"c.extra_entities = c.extra_e;c.fire_rate_wait = c.fire_rate_wait + 50;"
DAMAGE,"$action_damage","$actiondesc_damage",ACTION_TYPE_MODIFIER,140,5,,"1,2,3,4,5","0.6,0.6,0.8,0.6,0.6","data/ui_gfx/gun_actions/damage.png","data/ui_gfx/gun_actions/damage_unidentified.png",,c.fire_rate_wait + 5,,,,,,,,,,,0,"data/entities/misc/custom_cards/damage.xml",,,"c.damage_projectile_add = c.damage_projectile_add + 0.4;c.gore_particles    = c.gore_particles + 5;c.fire_rate_wait    = c.fire_rate_wait + 5;c.extra_entities    = c.extra_e;"
BLACK_HOLE_GIGA,"$action_black_hole_giga","$actiondesc_black_hole_giga",ACTION_TYPE_STATIC_PROJECTILE,600,500,6,10,1,"data/ui_gfx/gun_actions/black_hole_giga.png","data/ui_gfx/gun_actions/black_hole_big_unidentified.png",,c.fire_rate_wait + 120,c.scree,,,,,,,,,,0,"data/entities/misc/custom_cards/black_hole_giga.xml",true,"card_unlocked_black_hole","add_projectile(""data/entities/projectiles/deck/black_hole_giga.xml"");c.fire_rate_wait = c.fire_rate_wait + 120;c.screenshake = c.scree;"
DAMAGE_RANDOM,"$action_damage_random","$actiondesc_damage_random",ACTION_TYPE_MODIFIER,200,15,,"3,4,5","0.7,0.6,0.6","data/ui_gfx/gun_actions/damage_random.png","data/ui_gfx/gun_actions/damage_unidentified.png",,c.fire_rate_wait + 5,,,,,,,,,,,0,"data/entities/misc/custom_cards/damage_random.xml",,"card_unlocked_pyramid","c.damage_projectile_add = result;c.gore_particles    = c.gore_particles + 5 * multiplier;c.fire_rate_wait    = c.fire_rate_wait + 5;c.extra_entities    = c.extra_e;"
BLOODLUST,"$action_bloodlust","$actiondesc_bloodlust",ACTION_TYPE_MODIFIER,160,2,,"1,3,4,5,6","0.2,0.3,0.6,0.7,0.3","data/ui_gfx/gun_actions/bloodlust.png","data/ui_gfx/gun_actions/homing_unidentified.png",,c.fire_rate_wait + 8,,c.spread_degrees + 6,,,,,,,,,0,,,,"c.damage_projectile_add = c.damage_projectile_add + 1.3;c.gore_particles    = c.gore_particles + 15;c.fire_rate_wait    = c.fire_rate_wait + 8;c.friendly_fire		= true;c.spread_degrees = c.spread_degrees + 6;c.extra_entities    = c.extra_e;"
DAMAGE_FOREVER,"$action_damage_forever","$actiondesc_damage_forever",ACTION_TYPE_MODIFIER,240,0,20,"2,3,4,5,6,10","0.2,0.3,0.6,0.5,0.2,0.2","data/ui_gfx/gun_actions/damage_forever.png","data/ui_gfx/gun_actions/damage_unidentified.png",,c.fire_rate_wait + 15,,,,,,,,,,,0,"data/entities/misc/custom_cards/damage_forever.xml",true,,"c.damage_projectile_add = c.damage_projectile_add + 0.025 * ma;c.gore_particles    = c.gore_particles + 15;c.fire_rate_wait    = c.fire_rate_wait + 15;c.extra_entities    = c.extra_e;"
CRITICAL_HIT,"$action_critical_hit","$actiondesc_critical_hit",ACTION_TYPE_MODIFIER,140,5,,"1,2,3,4,5","0.5,0.6,0.6,0.7,0.6","data/ui_gfx/gun_actions/critical_hit.png","data/ui_gfx/gun_actions/damage_unidentified.png",,,,,c.damage_critical_cha,,,,,,,,0,"data/entities/misc/custom_cards/critical_hit.xml",,,"c.damage_critical_chance = c.damage_critical_cha;"
AREA_DAMAGE,"$action_area_damage","$actiondesc_area_damage",ACTION_TYPE_MODIFIER,140,30,,"2,3,4,5,6","0.4,0.5,0.5,0.5,0.6","data/ui_gfx/gun_actions/area_damage.png","data/ui_gfx/gun_actions/homing_unidentified.png",,,,,,,,,,,,,0,,,,"c.extra_entities = c.extra_e;"
SPELLS_TO_POWER,"$action_spells_to_power","$actiondesc_spells_to_power",ACTION_TYPE_MODIFIER,140,110,,"2,3,4,5,6,10","0.3,0.3,0.5,0.5,0.5,0.1","data/ui_gfx/gun_actions/spells_to_power.png","data/ui_gfx/gun_actions/homing_unidentified.png",,c.fire_rate_wait + 40,,,,,,,,,,,0,,,,"c.extra_entities = c.extra_e;c.fire_rate_wait    = c.fire_rate_wait + 40;"
ESSENCE_TO_POWER,"$action_enemies_to_power","$actiondesc_enemies_to_power",ACTION_TYPE_MODIFIER,120,110,,"1,2,3,6,10","0.2,0.5,0.5,0.5,0.1","data/ui_gfx/gun_actions/essence_to_power.png","data/ui_gfx/gun_actions/homing_unidentified.png",,c.fire_rate_wait + 20,,,,,,,,,,,0,,,,"c.extra_entities = c.extra_e;c.fire_rate_wait    = c.fire_rate_wait + 20;"
ZERO_DAMAGE,"$action_zero_damage","$actiondesc_zero_damage",ACTION_TYPE_MODIFIER,50,5,,"3,4,5,10","0.3,0.3,0.6,0.3","data/ui_gfx/gun_actions/zero_damage.png","data/ui_gfx/gun_actions/damage_unidentified.png",,c.fire_rate_wait - 5,,,0,,,0,c.lifetime_add + 280,,,,0,,,,"c.damage_electricity_add = 0;c.damage_explosion_add = 0;c.damage_explosion = 0;c.damage_critical_chance = 0;c.damage_ice_add = 0;c.damage_projectile_add = 0;c.damage_null_all = 1;c.gore_particles    = 0;c.fire_rate_wait    = c.fire_rate_wait - 5;c.extra_entities    = c.extra_e;c.lifetime_add 		= c.lifetime_add + 280;"
HEAVY_SHOT,"$action_heavy_shot","$actiondesc_heavy_shot",ACTION_TYPE_MODIFIER,150,7,,"2,3,4","0.4,0.4,0.5","data/ui_gfx/gun_actions/heavy_shot.png","data/ui_gfx/gun_actions/heavy_shot_unidentified.png",,c.fire_rate_wait + 10,,,,c.speed_multiplier * 0.3,,,,,,,0,"data/entities/misc/custom_cards/heavy_shot.xml",,,"c.damage_projectile_add = c.damage_projectile_add + 1.75;c.fire_rate_wait    = c.fire_rate_wait + 10;c.gore_particles    = c.gore_particles + 10;c.speed_multiplier = c.speed_multiplier * 0.3;c.extra_entities = c.extra_e;c.speed_multiplier = math.mi;c.speed_multiplier = 0;"
LIGHT_SHOT,"$action_light_shot","$actiondesc_light_shot",ACTION_TYPE_MODIFIER,60,5,,"2,3,4","0.3,0.5,0.4","data/ui_gfx/gun_actions/light_shot.png","data/ui_gfx/gun_actions/heavy_shot_unidentified.png",,c.fire_rate_wait - 3,,c.spread_degrees - 6,,c.speed_multiplier * 7.5,c.explosio,,,,,,0,"data/entities/misc/custom_cards/light_shot.xml",,,"c.damage_projectile_add = c.damage_projectile_add - 1.0;c.explosion_radius = c.explosio;c.explosion_radius = 0;c.fire_rate_wait    = c.fire_rate_wait - 3;c.speed_multiplier = c.speed_multiplier * 7.5;c.spread_degrees = c.spread_degrees - 6;c.extra_entities = c.extra_e;c.speed_multiplier = math.mi;c.speed_multiplier = 0;"
WHITE_HOLE_GIGA,"$action_white_hole_giga","$actiondesc_white_hole_giga",ACTION_TYPE_STATIC_PROJECTILE,600,500,6,10,1,"data/ui_gfx/gun_actions/white_hole_giga.png","data/ui_gfx/gun_actions/black_hole_big_unidentified.png",,c.fire_rate_wait + 120,c.scree,,,,,,,,,,0,"data/entities/misc/custom_cards/white_hole_giga.xml",true,"card_unlocked_black_hole","add_projectile(""data/entities/projectiles/deck/white_hole_giga.xml"");c.fire_rate_wait = c.fire_rate_wait + 120;c.screenshake = c.scree;"
KNOCKBACK,"$action_knockback","$actiondesc_knockback",ACTION_TYPE_MODIFIER,100,5,,"3,5","0.7,0.6","data/ui_gfx/gun_actions/knockback.png","data/ui_gfx/gun_actions/knockback_unidentified.png",,,,,,,,,,,,c.k,0,,,,"c.knockback_force = c.k;"
RECOIL,"$action_recoil","$actiondesc_recoil",ACTION_TYPE_MODIFIER,100,5,,"2,4","0.6,0.7","data/ui_gfx/gun_actions/recoil.png","data/ui_gfx/gun_actions/recoil_unidentified.png",,,,,,,,,,,,,0,,,,
RECOIL_DAMPER,"$action_recoil_damper","$actiondesc_recoil_damper",ACTION_TYPE_MODIFIER,100,5,,"3,6","0.6,0.7","data/ui_gfx/gun_actions/recoil_damper.png","data/ui_gfx/gun_actions/recoil_damper_unidentified.png",,,,,,,,,,,,,0,,,,
SPEED,"$action_speed","$actiondesc_speed",ACTION_TYPE_MODIFIER,100,3,,"1,2,3","1,0.5,0.5","data/ui_gfx/gun_actions/speed.png","data/ui_gfx/gun_actions/speed_unidentified.png",,,,,,c.speed_multiplier * 2.5,,,,,,,0,"data/entities/misc/custom_cards/speed.xml",,,c.speed_multiplier = c.speed_multiplier * 2.5;c.speed_multiplier = math.mi;c.speed_multiplier = 0;
ACCELERATING_SHOT,"$action_accelerating_shot","$actiondesc_accelerating_shot",ACTION_TYPE_MODIFIER,190,20,,"2,3,4","0.5,0.4,1","data/ui_gfx/gun_actions/accelerating_shot.png","data/ui_gfx/gun_actions/heavy_shot_unidentified.png",,c.fire_rate_wait + 8,,,,c.speed_multiplier * 0.32,,,,,,,0,"data/entities/misc/custom_cards/accelerating_shot.xml",,,"c.fire_rate_wait    = c.fire_rate_wait + 8;c.speed_multiplier = c.speed_multiplier * 0.32;c.extra_entities = c.extra_e;c.speed_multiplier = math.mi;c.speed_multiplier = 0;"
DECELERATING_SHOT,"$action_decelerating_shot","$actiondesc_decelerating_shot",ACTION_TYPE_MODIFIER,80,10,,"2,3,4","0.4,0.1,0.7","data/ui_gfx/gun_actions/decelerating_shot.png","data/ui_gfx/gun_actions/heavy_shot_unidentified.png",,c.fire_rate_wait - 8,,,,c.speed_multiplier * 1.68,,,,,,,0,"data/entities/misc/custom_cards/decelerating_shot.xml",,,"c.fire_rate_wait    = c.fire_rate_wait - 8;c.speed_multiplier = c.speed_multiplier * 1.68;c.extra_entities = c.extra_e;c.speed_multiplier = math.mi;c.speed_multiplier = 0;"
EXPLOSIVE_PROJECTILE,"$action_explosive_projectile","$actiondesc_explosive_projectile",ACTION_TYPE_MODIFIER,120,30,,"2,3,4","1,1,0.8","data/ui_gfx/gun_actions/explosive_projectile.png","data/ui_gfx/gun_actions/explosive_projectile_unidentified.png",,c.fire_rate_wait + 40,,,,c.speed_multiplier * 0.75,c.explosio,c.damage_explosio,,,,,0,"data/entities/misc/custom_cards/explosive_projectile.xml",,,"c.explosion_radius = c.explosio;c.damage_explosion_add = c.damage_explosio;c.fire_rate_wait   = c.fire_rate_wait + 40;c.speed_multiplier = c.speed_multiplier * 0.75;c.speed_multiplier = math.mi;c.speed_multiplier = 0;"
CLUSTERMOD,"$action_clustermod","$actiondesc_clustermod",ACTION_TYPE_MODIFIER,160,30,,"1,2,3","0.5,1,0.6","data/ui_gfx/gun_actions/clusterbomb.png","data/ui_gfx/gun_actions/explosive_projectile_unidentified.png",,c.fire_rate_wait + 20,,,,,c.explosio,c.damage_explosio,,,,,0,"data/entities/misc/custom_cards/clusterbomb.xml",,,"c.explosion_radius = c.explosio;c.damage_explosion_add = c.damage_explosio;c.fire_rate_wait   = c.fire_rate_wait + 20;c.extra_entities = c.extra_e;"
WATER_TO_POISON,"$action_water_to_poison","$actiondesc_water_to_poison",ACTION_TYPE_MODIFIER,80,30,,"2,3,4","0.3,0.3,0.3","data/ui_gfx/gun_actions/water_to_poison.png","data/ui_gfx/gun_actions/explosive_projectile_unidentified.png",,c.fire_rate_wait + 10,,,,,,,,,,,0,,,,"c.extra_entities = c.extra_e;c.fire_rate_wait = c.fire_rate_wait + 10;"
BLOOD_TO_ACID,"$action_blood_to_acid","$actiondesc_blood_to_acid",ACTION_TYPE_MODIFIER,80,30,,"2,3,4","0.3,0.3,0.3","data/ui_gfx/gun_actions/blood_to_acid.png","data/ui_gfx/gun_actions/explosive_projectile_unidentified.png",,c.fire_rate_wait + 10,,,,,,,,,,,0,,,,"c.extra_entities = c.extra_e;c.fire_rate_wait = c.fire_rate_wait + 10;"
TENTACLE_PORTAL,"$action_tentacle_portal","$actiondesc_tentacle_portal",ACTION_TYPE_PROJECTILE,220,140,5,"1,2,3,4,10","0.4,0.4,0.4,0.5,0.2","data/ui_gfx/gun_actions/tentacle_portal.png","data/ui_gfx/gun_actions/slimeball_unidentified.png",,c.fire_rate_wait + 30,,,,,,,,,,,0,,,,"add_projectile(""data/entities/projectiles/deck/tentacle_portal.xml"");c.fire_rate_wait = c.fire_rate_wait + 30;"
LAVA_TO_BLOOD,"$action_lava_to_blood","$actiondesc_lava_to_blood",ACTION_TYPE_MODIFIER,80,30,,"2,3,4","0.3,0.3,0.3","data/ui_gfx/gun_actions/lava_to_blood.png","data/ui_gfx/gun_actions/explosive_projectile_unidentified.png",,c.fire_rate_wait + 10,,,,,,,,,,,0,,,,"c.extra_entities = c.extra_e;c.fire_rate_wait = c.fire_rate_wait + 10;"
LIQUID_TO_EXPLOSION,"$action_liquid_to_explosion","$actiondesc_liquid_to_explosion",ACTION_TYPE_MODIFIER,120,40,,"2,3,4","0.3,0.3,0.3","data/ui_gfx/gun_actions/liquid_to_explosion.png","data/ui_gfx/gun_actions/explosive_projectile_unidentified.png",,c.fire_rate_wait + 20,,,,,,,,,,,0,,,,"c.extra_entities = c.extra_e;c.fire_rate_wait = c.fire_rate_wait + 20;"
TOXIC_TO_ACID,"$action_toxic_to_acid","$actiondesc_toxic_to_acid",ACTION_TYPE_MODIFIER,120,50,,"2,3,4","0.3,0.3,0.3","data/ui_gfx/gun_actions/toxic_to_acid.png","data/ui_gfx/gun_actions/explosive_projectile_unidentified.png",,c.fire_rate_wait + 10,,,,,,,,,,,0,,,,"c.extra_entities = c.extra_e;c.fire_rate_wait = c.fire_rate_wait + 10;"
STATIC_TO_SAND,"$action_static_to_sand","$actiondesc_static_to_sand",ACTION_TYPE_MODIFIER,140,70,8,"2,3,4,10","0.3,0.3,0.3,0.2","data/ui_gfx/gun_actions/static_to_sand.png","data/ui_gfx/gun_actions/explosive_projectile_unidentified.png",,c.fire_rate_wait + 60,,,,,,,,,,,0,,,,"c.extra_entities = c.extra_e;c.fire_rate_wait = c.fire_rate_wait + 60;"
TRANSMUTATION,"$action_transmutation","$actiondesc_transmutation",ACTION_TYPE_MODIFIER,180,80,8,"2,3,4,5,6,10","0.3,0.3,0.3,0.3,0.3,0.2","data/ui_gfx/gun_actions/transmutation.png","data/ui_gfx/gun_actions/explosive_projectile_unidentified.png",,c.fire_rate_wait + 20,,,,,,,,,,,0,,,,"c.extra_entities = c.extra_e;c.fire_rate_wait = c.fire_rate_wait + 20;"
RANDOM_EXPLOSION,"$action_random_explosion","$actiondesc_random_explosion",ACTION_TYPE_MODIFIER,240,120,30,"3,5,6","0.3,0.6,1","data/ui_gfx/gun_actions/random_explosion.png","data/ui_gfx/gun_actions/explosive_projectile_unidentified.png",,c.fire_rate_wait + 40,,,,,,,,,,,0,,,,"c.extra_entities = c.extra_e;c.fire_rate_wait = c.fire_rate_wait + 40;"
NECROMANCY,"$action_necromancy","$actiondesc_necromancy",ACTION_TYPE_MODIFIER,80,20,,"2,3,4,5","0.4,0.6,0.6,0.3","data/ui_gfx/gun_actions/necromancy.png","data/ui_gfx/gun_actions/explosive_projectile_unidentified.png",,c.fire_rate_wait + 10,,,,,,,,,,,0,,,"card_unlocked_necromancy","c.game_effect_entities = c.game_effect_e;c.fire_rate_wait = c.fire_rate_wait + 10;"
LIGHT,"$action_light","$actiondesc_light",ACTION_TYPE_MODIFIER,20,1,,"0,1,2,3,4","1,0.8,0.6,0.4,0.2","data/ui_gfx/gun_actions/light.png",,,,,,,,,,,,,,0,,,,"c.extra_entities = c.extra_e;"
EXPLOSION,"$action_explosion","$actiondesc_explosion",ACTION_TYPE_STATIC_PROJECTILE,160,80,,"0,2,4,5","0.5,1,1,0.7","data/ui_gfx/gun_actions/explosion.png","data/ui_gfx/gun_actions/explosion_unidentified.png",,c.fire_rate_wait + 3,c.scree,,,,,,,,,,0,"data/entities/misc/custom_cards/explosion.xml",,,"add_projectile(""data/entities/projectiles/deck/explosion.xml"");c.fire_rate_wait = c.fire_rate_wait + 3;c.screenshake = c.scree;"
EXPLOSION_LIGHT,"$action_explosion_light","$actiondesc_explosion_light",ACTION_TYPE_STATIC_PROJECTILE,160,80,,"2,3,5,6","0.5,1,0.7,0.5","data/ui_gfx/gun_actions/explosion_light.png","data/ui_gfx/gun_actions/explosion_unidentified.png",,c.fire_rate_wait + 3,c.scree,,,,,,,,,,0,"data/entities/misc/custom_cards/explosion_light.xml",,,"add_projectile(""data/entities/projectiles/deck/explosion_light.xml"");c.fire_rate_wait = c.fire_rate_wait + 3;c.screenshake = c.scree;"
SPITTER,"$action_spitter","$actiondesc_spitter",ACTION_TYPE_PROJECTILE,110,5,,"0,1,2,3","1,1,1,0.5","data/ui_gfx/gun_actions/spitter.png","data/ui_gfx/gun_actions/spitter_unidentified.png",,c.fire_rate_wait - 1,c.scree,c.spread_degrees + 6.0,,,,,,,,,0,,,,"add_projectile(""data/entities/projectiles/deck/spitter.xml"");c.fire_rate_wait = c.fire_rate_wait - 1;c.screenshake = c.scree;c.dampening = 0.1;c.spread_degrees = c.spread_degrees + 6.0;"
FIRE_BLAST,"$action_fire_blast","$actiondesc_fire_blast",ACTION_TYPE_STATIC_PROJECTILE,120,10,,"0,1,3,5","0.5,0.7,0.6,0.4","data/ui_gfx/gun_actions/fire_blast.png","data/ui_gfx/gun_actions/fire_blast_unidentified.png",,c.fire_rate_wait + 3,c.scree,,,,,,,,,,0,"data/entities/misc/custom_cards/fire_blast.xml",,,"add_projectile(""data/entities/projectiles/deck/fireblast.xml"");c.fire_rate_wait = c.fire_rate_wait + 3;c.screenshake = c.scree;"
POISON_BLAST,"$action_poison_blast","$actiondesc_poison_blast",ACTION_TYPE_STATIC_PROJECTILE,140,30,,"1,2,4,6","0.5,0.8,0.4,0.3","data/ui_gfx/gun_actions/poison_blast.png","data/ui_gfx/gun_actions/poison_blast_unidentified.png",,c.fire_rate_wait + 3,c.scree,,,,,,,,,,0,"data/entities/misc/custom_cards/poison_blast.xml",,,"add_projectile(""data/entities/projectiles/deck/poison_blast.xml"");c.fire_rate_wait = c.fire_rate_wait + 3;c.screenshake = c.scree;"
ALCOHOL_BLAST,"$action_alcohol_blast","$actiondesc_alcohol_blast",ACTION_TYPE_STATIC_PROJECTILE,140,30,,"1,2,4,6","0.5,0.6,0.65,0.3","data/ui_gfx/gun_actions/alcohol_blast.png","data/ui_gfx/gun_actions/poison_blast_unidentified.png",,c.fire_rate_wait + 3,c.scree,,,,,,,,,,0,"data/entities/misc/custom_cards/alcohol_blast.xml",,,"add_projectile(""data/entities/projectiles/deck/alcohol_blast.xml"");c.fire_rate_wait = c.fire_rate_wait + 3;c.screenshake = c.scree;"
THUNDER_BLAST,"$action_thunder_blast","$actiondesc_thunder_blast",ACTION_TYPE_STATIC_PROJECTILE,180,110,,"1,3,5,6,10","0.5,0.6,0.7,0.5,0.1","data/ui_gfx/gun_actions/thunder_blast.png","data/ui_gfx/gun_actions/thunder_blast_unidentified.png",,c.fire_rate_wait + 15,c.scree,,,,,,,,,,0,"data/entities/misc/custom_cards/thunder_blast.xml",,,"add_projectile(""data/entities/projectiles/deck/thunder_blast.xml"");c.fire_rate_wait = c.fire_rate_wait + 15;c.screenshake = c.scree;"
BERSERK_FIELD,"$action_berserk_field","$actiondesc_berserk_field",ACTION_TYPE_STATIC_PROJECTILE,200,30,15,"2,3,4","0.3,0.6,0.3","data/ui_gfx/gun_actions/berserk_field.png","data/ui_gfx/gun_actions/berserk_field_unidentified.png",,c.fire_rate_wait + 15,,,,,,,,,,,0,,,,"add_projectile(""data/entities/projectiles/deck/berserk_field.xml"");c.fire_rate_wait = c.fire_rate_wait + 15;"
POLYMORPH_FIELD,"$action_polymorph_field","$actiondesc_polymorph_field",ACTION_TYPE_STATIC_PROJECTILE,200,50,5,"0,1,2,3,4,5,6","0.3,0.3,0.3,0.8,0.8,0.3,0.3","data/ui_gfx/gun_actions/polymorph_field.png","data/ui_gfx/gun_actions/polymorph_field_unidentified.png",,c.fire_rate_wait + 15,,,,,,,,,,,0,,,,"add_projectile(""data/entities/projectiles/deck/polymorph_field.xml"");c.fire_rate_wait = c.fire_rate_wait + 15;"
CHAOS_POLYMORPH_FIELD,"$action_chaos_polymorph_field","$actiondesc_chaos_polymorph_field",ACTION_TYPE_STATIC_PROJECTILE,200,20,10,"1,2,3,4,5,6","0.3,0.3,0.5,0.6,0.3,0.3","data/ui_gfx/gun_actions/chaos_polymorph_field.png","data/ui_gfx/gun_actions/chaos_polymorph_field_unidentified.png",,c.fire_rate_wait + 15,,,,,,,,,,,0,,,,"add_projectile(""data/entities/projectiles/deck/chaos_polymorph_field.xml"");c.fire_rate_wait = c.fire_rate_wait + 15;"
ELECTROCUTION_FIELD,"$action_electrocution_field","$actiondesc_electrocution_field",ACTION_TYPE_STATIC_PROJECTILE,200,60,15,"1,3,5,6","0.3,0.6,0.8,0.3","data/ui_gfx/gun_actions/electrocution_field.png","data/ui_gfx/gun_actions/electrocution_field_unidentified.png",,c.fire_rate_wait + 15,,,,,,,,,,,0,,,,"add_projectile(""data/entities/projectiles/deck/electrocution_field.xml"");c.fire_rate_wait = c.fire_rate_wait + 15;"
FREEZE_FIELD,"$action_freeze_field","$actiondesc_freeze_field",ACTION_TYPE_STATIC_PROJECTILE,200,50,15,"0,2,4,5","0.3,0.6,0.7,0.3","data/ui_gfx/gun_actions/freeze_field.png","data/ui_gfx/gun_actions/freeze_field_unidentified.png",,c.fire_rate_wait + 15,,,,,,,,,,,0,,,,"add_projectile(""data/entities/projectiles/deck/freeze_field.xml"");c.fire_rate_wait = c.fire_rate_wait + 15;"
REGENERATION_FIELD,"$action_regeneration_field","$actiondesc_regeneration_field",ACTION_TYPE_STATIC_PROJECTILE,250,80,2,"1,2,3,4","0.3,0.3,0.4,0.3","data/ui_gfx/gun_actions/regeneration_field.png","data/ui_gfx/gun_actions/regeneration_field_unidentified.png",,c.fire_rate_wait + 15,,,,,,,,,,,0,,true,,"add_projectile(""data/entities/projectiles/deck/regeneration_field.xml"");c.fire_rate_wait = c.fire_rate_wait + 15;"
SPITTER_TIMER,"$action_spitter_timer","$actiondesc_spitter_timer",ACTION_TYPE_PROJECTILE,140,10,,"0,1,2,3","0.5,0.5,0.5,1","data/ui_gfx/gun_actions/spitter_timer.png","data/ui_gfx/gun_actions/spitter_timer_unidentified.png",,c.fire_rate_wait - 1,c.scree,c.spread_degrees + 6.0,,,,,,,,,0,,,,"c.fire_rate_wait = c.fire_rate_wait - 1;c.screenshake = c.scree;c.dampening = 0.1;c.spread_degrees = c.spread_degrees + 6.0;add_projectile_trigger_timer(""data/entities/projectiles/deck/spitter.xml"", 40, 1);"
TELEPORTATION_FIELD,"$action_teleportation_field","$actiondesc_teleportation_field",ACTION_TYPE_STATIC_PROJECTILE,150,30,15,"0,1,2,3,4,5","0.3,0.6,0.3,0.3,0.6,0.3","data/ui_gfx/gun_actions/teleportation_field.png","data/ui_gfx/gun_actions/teleportation_field_unidentified.png",,c.fire_rate_wait + 15,,,,,,,,,,,0,,,,"add_projectile(""data/entities/projectiles/deck/teleportation_field.xml"");c.fire_rate_wait = c.fire_rate_wait + 15;"
LEVITATION_FIELD,"$action_levitation_field","$actiondesc_levitation_field",ACTION_TYPE_STATIC_PROJECTILE,120,10,15,"1,2,3,4","0.3,0.6,0.6,0.3","data/ui_gfx/gun_actions/levitation_field.png","data/ui_gfx/gun_actions/levitation_field_unidentified.png",,c.fire_rate_wait + 15,,,,,,,,,,,0,,,,"add_projectile(""data/entities/projectiles/deck/levitation_field.xml"");c.fire_rate_wait = c.fire_rate_wait + 15;"
SHIELD_FIELD,"$action_shield_field","$actiondesc_shield_field",ACTION_TYPE_STATIC_PROJECTILE,160,20,10,"2,3,4,5,6","0.3,0.3,0.4,0.5,0.3","data/ui_gfx/gun_actions/shield_field.png","data/ui_gfx/gun_actions/shield_field_unidentified.png",,c.fire_rate_wait + 15,,,,,,,,,,,0,,,,"add_projectile(""data/entities/projectiles/deck/shield_field.xml"");c.fire_rate_wait = c.fire_rate_wait + 15;"
PROJECTILE_TRANSMUTATION_FIELD,"$action_projectile_transmutation_field","$actiondesc_projectile_transmutation_field",ACTION_TYPE_STATIC_PROJECTILE,250,120,6,"2,3,4,5,6","0.3,0.4,0.4,0.3,0.3","data/ui_gfx/gun_actions/projectile_transmutation_field.png","data/ui_gfx/gun_actions/chaos_polymorph_field_unidentified.png",,c.fire_rate_wait + 15,,,,,,,,,,,0,,,,"add_projectile(""data/entities/projectiles/deck/projectile_transmutation_field.xml"");c.fire_rate_wait = c.fire_rate_wait + 15;"
PROJECTILE_THUNDER_FIELD,"$action_projectile_thunder_field","$actiondesc_projectile_thunder_field",ACTION_TYPE_STATIC_PROJECTILE,300,140,6,"3,4,5,6","0.3,0.3,0.5,0.3","data/ui_gfx/gun_actions/projectile_thunder_field.png","data/ui_gfx/gun_actions/chaos_polymorph_field_unidentified.png",,c.fire_rate_wait + 15,,,,,,,,,,,0,,,,"add_projectile(""data/entities/projectiles/deck/projectile_thunder_field.xml"");c.fire_rate_wait = c.fire_rate_wait + 15;"
PROJECTILE_GRAVITY_FIELD,"$action_projectile_gravity_field","$actiondesc_projectile_gravity_field",ACTION_TYPE_STATIC_PROJECTILE,250,120,6,"2,5,6","0.6,0.3,0.3","data/ui_gfx/gun_actions/projectile_gravity_field.png","data/ui_gfx/gun_actions/chaos_polymorph_field_unidentified.png",,c.fire_rate_wait + 15,,,,,,,,,,,0,,,,"add_projectile(""data/entities/projectiles/deck/projectile_gravity_field.xml"");c.fire_rate_wait = c.fire_rate_wait + 15;"
VACUUM_POWDER,"$action_vacuum_powder","$actiondesc_vacuum_powder",ACTION_TYPE_STATIC_PROJECTILE,150,40,20,"2,3,5,6","0.3,0.7,0.3,0.4","data/ui_gfx/gun_actions/vacuum_powder.png","data/ui_gfx/gun_actions/chaos_polymorph_field_unidentified.png",,c.fire_rate_wait + 10,,,,,,,,,,,0,,,,"add_projectile(""data/entities/projectiles/deck/vacuum_powder.xml"");c.fire_rate_wait = c.fire_rate_wait + 10;"
VACUUM_LIQUID,"$action_vacuum_liquid","$actiondesc_vacuum_liquid",ACTION_TYPE_STATIC_PROJECTILE,150,40,20,"2,4,5,6","0.3,0.7,0.4,0.3","data/ui_gfx/gun_actions/vacuum_liquid.png","data/ui_gfx/gun_actions/chaos_polymorph_field_unidentified.png",,c.fire_rate_wait + 10,,,,,,,,,,,0,,,,"add_projectile(""data/entities/projectiles/deck/vacuum_liquid.xml"");c.fire_rate_wait = c.fire_rate_wait + 10;"
VACUUM_ENTITIES,"$action_vacuum_entities","$actiondesc_vacuum_entities",ACTION_TYPE_STATIC_PROJECTILE,200,50,20,"2,3,5,6","0.3,0.7,0.3,0.4","data/ui_gfx/gun_actions/vacuum_entities.png","data/ui_gfx/gun_actions/chaos_polymorph_field_unidentified.png",,c.fire_rate_wait + 10,,,,,,,,,,,0,,,,"add_projectile(""data/entities/projectiles/deck/vacuum_entities.xml"");c.fire_rate_wait = c.fire_rate_wait + 10;"
SEA_LAVA,"$action_sea_lava","$actiondesc_sea_lava",ACTION_TYPE_MATERIAL,350,140,3,"0,4,5,6","0.2,0.2,0.5,0.6","data/ui_gfx/gun_actions/sea_lava.png","data/ui_gfx/gun_actions/sea_lava_unidentified.png",,c.fire_rate_wait + 15,,,,,,,,,,,0,,,"card_unlocked_sea_lava","add_projectile(""data/entities/projectiles/deck/sea_lava.xml"");c.fire_rate_wait = c.fire_rate_wait + 15;"
SPITTER_TIER_2,"$action_spitter_tier_2","$actiondesc_spitter_tier_2",ACTION_TYPE_PROJECTILE,190,25,,"2,3,4,5","1,1,1,0.5","data/ui_gfx/gun_actions/spitter_green.png","data/ui_gfx/gun_actions/spitter_unidentified.png",,c.fire_rate_wait - 2,c.scree,c.spread_degrees + 7.5,,,,,,,,,0,,,,"add_projectile(""data/entities/projectiles/deck/spitter_tier_2.xml"");c.fire_rate_wait = c.fire_rate_wait - 2;c.screenshake = c.scree;c.dampening = 0.2;c.spread_degrees = c.spread_degrees + 7.5;"
SEA_ALCOHOL,"$action_sea_alcohol","$actiondesc_sea_alcohol",ACTION_TYPE_MATERIAL,350,140,3,"0,4,5,6","0.3,0.5,0.6,0.3","data/ui_gfx/gun_actions/sea_alcohol.png","data/ui_gfx/gun_actions/sea_lava_unidentified.png",,c.fire_rate_wait + 15,,,,,,,,,,,0,,,,"add_projectile(""data/entities/projectiles/deck/sea_alcohol.xml"");c.fire_rate_wait = c.fire_rate_wait + 15;"
SEA_OIL,"$action_sea_oil","$actiondesc_sea_oil",ACTION_TYPE_MATERIAL,350,140,3,"0,4,5,6","0.3,0.5,0.6,0.3","data/ui_gfx/gun_actions/sea_oil.png","data/ui_gfx/gun_actions/sea_oil_unidentified.png",,c.fire_rate_wait + 15,,,,,,,,,,,0,,,,"add_projectile(""data/entities/projectiles/deck/sea_oil.xml"");c.fire_rate_wait = c.fire_rate_wait + 15;"
SEA_WATER,"$action_sea_water","$actiondesc_sea_water",ACTION_TYPE_MATERIAL,350,140,3,"0,4,5,6","0.5,0.4,0.3,0.2","data/ui_gfx/gun_actions/sea_water.png","data/ui_gfx/gun_actions/sea_water_unidentified.png",,c.fire_rate_wait + 15,,,,,,,,,,,0,,,,"add_projectile(""data/entities/projectiles/deck/sea_water.xml"");c.fire_rate_wait = c.fire_rate_wait + 15;"
SEA_SWAMP,"$action_sea_swamp","$actiondesc_sea_swamp",ACTION_TYPE_MATERIAL,350,140,3,0,0,"data/ui_gfx/gun_actions/sea_swamp.png","data/ui_gfx/gun_actions/sea_swamp_unidentified.png",,c.fire_rate_wait + 15,,,,,,,,,,,0,,,,"add_projectile(""data/entities/projectiles/deck/sea_swamp.xml"");c.fire_rate_wait = c.fire_rate_wait + 15;"
SEA_ACID,"$action_sea_acid","$actiondesc_sea_acid",ACTION_TYPE_MATERIAL,350,140,3,"0,4,5,6","0.2,0.2,0.4,0.5","data/ui_gfx/gun_actions/sea_acid.png","data/ui_gfx/gun_actions/sea_acid_unidentified.png",,c.fire_rate_wait + 15,,,,,,,,,,,0,,,,"add_projectile(""data/entities/projectiles/deck/sea_acid.xml"");c.fire_rate_wait = c.fire_rate_wait + 15;"
SEA_ACID_GAS,"$action_sea_acid_gas","$actiondesc_sea_acid_gas",ACTION_TYPE_MATERIAL,200,140,3,"0,4,5,6","0.3,0.4,0.4,0.3","data/ui_gfx/gun_actions/sea_acid_gas.png","data/ui_gfx/gun_actions/sea_acid_unidentified.png",,c.fire_rate_wait + 15,,,,,,,,,,,0,,,,"add_projectile(""data/entities/projectiles/deck/sea_acid_gas.xml"");c.fire_rate_wait = c.fire_rate_wait + 15;"
SEA_MIMIC,"$action_sea_mimic","$actiondesc_sea_mimic",ACTION_TYPE_MATERIAL,350,140,2,"0,4,5,6,10","0.05,0.05,0.1,0.1,0.2","data/ui_gfx/gun_actions/sea_mimic.png","data/ui_gfx/gun_actions/sea_acid_unidentified.png",,c.fire_rate_wait + 15,,,,,,,,,,,0,,true,"card_unlocked_sea_mimic","add_projectile(""data/entities/projectiles/deck/sea_mimic.xml"");c.fire_rate_wait = c.fire_rate_wait + 15;"
CLOUD_WATER,"$action_cloud_water","$actiondesc_cloud_water",ACTION_TYPE_STATIC_PROJECTILE,140,30,10,"0,1,2,3,4,5","0.2,0.3,0.4,0.4,0.3,0.2","data/ui_gfx/gun_actions/cloud_water.png","data/ui_gfx/gun_actions/cloud_water_unidentified.png",,c.fire_rate_wait + 15,,,,,,,,,,,0,,,,"add_projectile(""data/entities/projectiles/deck/cloud_water.xml"");c.fire_rate_wait = c.fire_rate_wait + 15;"
CLOUD_OIL,"$action_cloud_oil","$actiondesc_cloud_oil",ACTION_TYPE_STATIC_PROJECTILE,100,20,15,"0,1,2,3,4,5","0.2,0.3,0.4,0.4,0.3,0.2","data/ui_gfx/gun_actions/cloud_oil.png","data/ui_gfx/gun_actions/cloud_water_unidentified.png",,c.fire_rate_wait + 15,,,,,,,,,,,0,,,,"add_projectile(""data/entities/projectiles/deck/cloud_oil.xml"");c.fire_rate_wait = c.fire_rate_wait + 15;"
CLOUD_BLOOD,"$action_cloud_blood","$actiondesc_cloud_blood",ACTION_TYPE_STATIC_PROJECTILE,200,60,3,"0,1,2,3,4,5","0.2,0.3,0.3,0.4,0.3,0.2","data/ui_gfx/gun_actions/cloud_blood.png","data/ui_gfx/gun_actions/cloud_water_unidentified.png",,c.fire_rate_wait + 30,,,,,,,,,,,0,,,,"add_projectile(""data/entities/projectiles/deck/cloud_blood.xml"");c.fire_rate_wait = c.fire_rate_wait + 30;"
SPITTER_TIER_2_TIMER,"$action_spitter_tier_2_timer","$actiondesc_spitter_tier_2_timer",ACTION_TYPE_PROJECTILE,220,30,,"2,3,4,5","0.5,0.5,0.5,1","data/ui_gfx/gun_actions/spitter_green_timer.png","data/ui_gfx/gun_actions/spitter_unidentified.png",,c.fire_rate_wait - 2,c.scree,c.spread_degrees + 7.5,,,,,,,,,0,,,,"add_projectile_trigger_timer(""data/entities/projectiles/deck/spitter_tier_2.xml"", 40, 1);c.fire_rate_wait = c.fire_rate_wait - 2;c.screenshake = c.scree;c.dampening = 0.2;c.spread_degrees = c.spread_degrees + 7.5;"
CLOUD_ACID,"$action_cloud_acid","$actiondesc_cloud_acid",ACTION_TYPE_STATIC_PROJECTILE,180,90,8,"0,1,2,3,4,5","0.2,0.2,0.4,0.2,0.2,0.5","data/ui_gfx/gun_actions/cloud_acid.png","data/ui_gfx/gun_actions/cloud_water_unidentified.png",,c.fire_rate_wait + 15,,,,,,,,,,,0,,,,"add_projectile(""data/entities/projectiles/deck/cloud_acid.xml"");c.fire_rate_wait = c.fire_rate_wait + 15;"
CLOUD_THUNDER,"$action_cloud_thunder","$actiondesc_cloud_thunder",ACTION_TYPE_STATIC_PROJECTILE,190,90,5,"0,1,2,3,4,5","0.3,0.3,0.2,0.3,0.4,0.5","data/ui_gfx/gun_actions/cloud_thunder.png","data/ui_gfx/gun_actions/cloud_water_unidentified.png",,c.fire_rate_wait + 30,,,,,,,,,,,0,,,"card_unlocked_cloud_thunder","add_projectile(""data/entities/projectiles/deck/cloud_thunder.xml"");c.fire_rate_wait = c.fire_rate_wait + 30;"
ELECTRIC_CHARGE,"$action_electric_charge","$actiondesc_electric_charge",ACTION_TYPE_MODIFIER,150,8,,"1,2,4,5","1,1,0.8,0.7","data/ui_gfx/gun_actions/electric_charge.png","data/ui_gfx/gun_actions/electric_charge_unidentified.png",,,,,,,,,,,,,0,"data/entities/misc/custom_cards/electric_charge.xml",,,"c.lightning_count = c.light;c.damage_electricity_add = c.damage_electricity_add + 0.1;c.extra_entities = c.extra_e;"
MATTER_EATER,"$action_matter_eater","$actiondesc_matter_eater",ACTION_TYPE_MODIFIER,280,120,10,"1,2,4,5,10","0.1,0.9,0.1,0.2,0.2","data/ui_gfx/gun_actions/matter_eater.png","data/ui_gfx/gun_actions/electric_charge_unidentified.png",,,,,,,,,,,,,0,,true,,"c.extra_entities = c.extra_e;"
FREEZE,"$action_freeze","$actiondesc_freeze",ACTION_TYPE_MODIFIER,140,10,,"1,3,4,5","1,1,0.9,0.8","data/ui_gfx/gun_actions/freeze.png","data/ui_gfx/gun_actions/freeze_unidentified.png",,,,,,,,,,,,,0,"data/entities/misc/custom_cards/freeze.xml",,,"c.damage_ice_add = c.damage_ice_add + 0.2;c.game_effect_entities = c.game_effect_e;c.extra_entities = c.extra_e;"
HITFX_BURNING_CRITICAL_HIT,"$action_hitfx_burning_critical_hit","$actiondesc_hitfx_burning_critical_hit",ACTION_TYPE_MODIFIER,70,10,,"1,3,4,5","0.2,0.4,0.2,0.2","data/ui_gfx/gun_actions/burning_critical.png","data/entities/misc/hitfx_burning_critical_hit.xml",,,,,,,,,,,,,0,,,,"c.extra_entities = c.extra_e;"
HITFX_CRITICAL_WATER,"$action_hitfx_critical_water","$actiondesc_hitfx_critical_water",ACTION_TYPE_MODIFIER,70,10,,"1,3,4,5","0.2,0.2,0.4,0.2","data/ui_gfx/gun_actions/critical_water.png","data/ui_gfx/gun_actions/freeze_unidentified.png",,,,,,,,,,,,,0,,,,"c.extra_entities = c.extra_e;"
HITFX_CRITICAL_OIL,"$action_hitfx_critical_oil","$actiondesc_hitfx_critical_oil",ACTION_TYPE_MODIFIER,70,10,,"1,3,4,5","0.2,0.4,0.2,0.2","data/ui_gfx/gun_actions/critical_oil.png","data/ui_gfx/gun_actions/freeze_unidentified.png",,,,,,,,,,,,,0,,,,"c.extra_entities = c.extra_e;"
HITFX_CRITICAL_BLOOD,"$action_hitfx_critical_blood","$actiondesc_hitfx_critical_blood",ACTION_TYPE_MODIFIER,70,10,,"1,3,4,5","0.2,0.2,0.2,0.4","data/ui_gfx/gun_actions/critical_blood.png","data/ui_gfx/gun_actions/freeze_unidentified.png",,,,,,,,,,,,,0,,,,"c.extra_entities = c.extra_e;"
HITFX_TOXIC_CHARM,"$action_hitfx_toxic_charm","$actiondesc_hitfx_toxic_charm",ACTION_TYPE_MODIFIER,150,70,,"1,3,4,5","0.2,0.2,0.3,0.2","data/ui_gfx/gun_actions/charm_on_toxic.png","data/ui_gfx/gun_actions/freeze_unidentified.png",,,,,,,,,,,,,0,,,,"c.extra_entities = c.extra_e;"
SPITTER_TIER_3,"$action_spitter_tier_3","$actiondesc_spitter_tier_3",ACTION_TYPE_PROJECTILE,240,40,,"3,4,5,6","0.8,0.8,1,1","data/ui_gfx/gun_actions/spitter_purple.png","data/ui_gfx/gun_actions/spitter_unidentified.png",,c.fire_rate_wait - 4,c.scree,c.spread_degrees + 9.0,,,,,,,,,0,,,,"add_projectile(""data/entities/projectiles/deck/spitter_tier_3.xml"");c.fire_rate_wait = c.fire_rate_wait - 4;c.screenshake = c.scree;c.dampening = 0.3;c.spread_degrees = c.spread_degrees + 9.0;"
LIGHT_BULLET,"$action_light_bullet","$actiondesc_light_bullet",ACTION_TYPE_PROJECTILE,100,5,,"0,1,2","2,1,0.5","data/ui_gfx/gun_actions/light_bullet.png","data/ui_gfx/gun_actions/light_bullet_unidentified.png",,c.fire_rate_wait + 3,c.scree,c.spread_degrees - 1.0,c.damage_critical_cha,,,,,,,,0,,,,"add_projectile(""data/entities/projectiles/deck/light_bullet.xml"");c.fire_rate_wait = c.fire_rate_wait + 3;c.screenshake = c.scree;c.spread_degrees = c.spread_degrees - 1.0;c.damage_critical_chance = c.damage_critical_cha;"
HITFX_EXPLOSION_SLIME,"$action_hitfx_explosion_slime","$actiondesc_hitfx_explosion_slime",ACTION_TYPE_MODIFIER,140,20,,"1,3,4,5","0.2,0.3,0.2,0.2","data/ui_gfx/gun_actions/explode_on_slime.png","data/ui_gfx/gun_actions/freeze_unidentified.png",,,,,,,,,,,,,0,,,,"c.extra_entities = c.extra_e;"
HITFX_EXPLOSION_SLIME_GIGA,"$action_hitfx_explosion_slime_giga","$actiondesc_hitfx_explosion_slime_giga",ACTION_TYPE_MODIFIER,300,200,20,"1,3,4,5","0.1,0.1,0.3,0.1","data/ui_gfx/gun_actions/explode_on_slime_giga.png","data/ui_gfx/gun_actions/freeze_unidentified.png",,,,,,,,,,,,,0,,,,"c.extra_entities = c.extra_e;"
HITFX_EXPLOSION_ALCOHOL,"$action_hitfx_explosion_alcohol","$actiondesc_hitfx_explosion_alcohol",ACTION_TYPE_MODIFIER,140,20,,"1,3,4,5","0.3,0.2,0.2,0.2","data/ui_gfx/gun_actions/explode_on_alcohol.png","data/ui_gfx/gun_actions/freeze_unidentified.png",,,,,,,,,,,,,0,,,,"c.extra_entities = c.extra_e;"
HITFX_EXPLOSION_ALCOHOL_GIGA,"$action_hitfx_explosion_alcohol_giga","$actiondesc_hitfx_explosion_alcohol_giga",ACTION_TYPE_MODIFIER,300,200,20,"1,3,4,5","0.1,0.1,0.1,0.3","data/ui_gfx/gun_actions/explode_on_alcohol_giga.png","data/ui_gfx/gun_actions/freeze_unidentified.png",,,,,,,,,,,,,0,,,,"c.extra_entities = c.extra_e;"
HITFX_PETRIFY,"$action_petrify","$actiondesc_petrify_a",ACTION_TYPE_MODIFIER,140,10,,"2,3,5,6","0.2,0.3,0.2,0.3","data/ui_gfx/gun_actions/petrify.png","data/ui_gfx/gun_actions/explosive_projectile_unidentified.png",,,,,,,,,,,,,0,,,,"c.extra_entities = c.extra_e;"
ROCKET_DOWNWARDS,"$action_rocket_downwards","$actiondesc_rocket_downwards",ACTION_TYPE_MODIFIER,200,90,,"1,2,3,4","0.2,0.5,0.7,0.7","data/ui_gfx/gun_actions/rocket_downwards.png","data/ui_gfx/gun_actions/sinewave_unidentified.png",,c.fire_rate_wait + 25,,,,,,,,,,,0,,,,"c.extra_entities = c.extra_e;c.fire_rate_wait = c.fire_rate_wait + 25;"
ROCKET_OCTAGON,"$action_rocket_octagon","$actiondesc_rocket_octagon",ACTION_TYPE_MODIFIER,200,100,,"2,3,4","0.5,0.6,0.3","data/ui_gfx/gun_actions/rocket_octagon.png","data/ui_gfx/gun_actions/sinewave_unidentified.png",,c.fire_rate_wait + 20,,,,,,,,,,,0,,,,"c.extra_entities = c.extra_e;c.fire_rate_wait = c.fire_rate_wait + 20;"
FIZZLE,"$action_fizzle","$actiondesc_fizzle",ACTION_TYPE_MODIFIER,0,0,,"3,4,5","0.4,0.3,0.1","data/ui_gfx/gun_actions/fizzle.png","data/ui_gfx/gun_actions/sinewave_unidentified.png",,c.fire_rate_wait - 10,,,,c.speed_multiplier * 1.2,,,,,,,0,,,,"c.extra_entities = c.extra_e;c.speed_multiplier = c.speed_multiplier * 1.2;c.fire_rate_wait = c.fire_rate_wait - 10;c.speed_multiplier = math.mi;c.speed_multiplier = 0;"
BOUNCE_EXPLOSION,"$action_bounce_explosion","$actiondesc_bounce_explosion",ACTION_TYPE_MODIFIER,180,20,,"2,3,4,5","0.2,0.6,0.8,0.8","data/ui_gfx/gun_actions/bounce_explosion.png","data/ui_gfx/gun_actions/sinewave_unidentified.png",,c.fire_rate_wait + 25,,,,,,,,,,,0,,,,"c.extra_entities = c.extra_e;c.bounces = c.bou;c.fire_rate_wait = c.fire_rate_wait + 25;"
BOUNCE_SPARK,"$action_bounce_spark","$actiondesc_bounce_spark",ACTION_TYPE_MODIFIER,120,20,,"1,2,3,4","0.2,0.6,0.6,0.6","data/ui_gfx/gun_actions/bounce_spark.png","data/ui_gfx/gun_actions/sinewave_unidentified.png",,c.fire_rate_wait + 8,,,,,,,,,,,0,,,,"c.extra_entities = c.extra_e;c.bounces = c.bou;c.fire_rate_wait = c.fire_rate_wait + 8;"
SPITTER_TIER_3_TIMER,"$action_spitter_tier_3_timer","$actiondesc_spitter_tier_3_timer",ACTION_TYPE_PROJECTILE,260,45,,"4,5,6","0.5,0.65,0.5","data/ui_gfx/gun_actions/spitter_purple_timer.png","data/ui_gfx/gun_actions/spitter_unidentified.png",,c.fire_rate_wait - 4,c.scree,c.spread_degrees + 9.0,,,,,,,,,0,,,,"add_projectile_trigger_timer(""data/entities/projectiles/deck/spitter_tier_3.xml"", 40, 1);c.fire_rate_wait = c.fire_rate_wait - 4;c.screenshake = c.scree;c.dampening = 0.3;c.spread_degrees = c.spread_degrees + 9.0;"
BOUNCE_LASER,"$action_bounce_laser","$actiondesc_bounce_laser",ACTION_TYPE_MODIFIER,180,30,,"3,4,5","0.4,0.8,0.4","data/ui_gfx/gun_actions/bounce_laser.png","data/ui_gfx/gun_actions/sinewave_unidentified.png",,c.fire_rate_wait + 12,,,,,,,,,,,0,,,,"c.extra_entities = c.extra_e;c.bounces = c.bou;c.fire_rate_wait = c.fire_rate_wait + 12;"
BOUNCE_LASER_EMITTER,"$action_bounce_laser_emitter","$actiondesc_bounce_laser_emitter",ACTION_TYPE_MODIFIER,180,40,,"3,4,5","0.4,0.8,0.4","data/ui_gfx/gun_actions/bounce_laser_emitter.png","data/ui_gfx/gun_actions/sinewave_unidentified.png",,c.fire_rate_wait + 12,,,,,,,,,,,0,,,,"c.extra_entities = c.extra_e;c.bounces = c.bou;c.fire_rate_wait = c.fire_rate_wait + 12;"
BOUNCE_LARPA,"$action_bounce_larpa","$actiondesc_bounce_larpa",ACTION_TYPE_MODIFIER,250,80,,"4,5,6","0.4,0.6,0.4","data/ui_gfx/gun_actions/bounce_larpa.png","data/ui_gfx/gun_actions/sinewave_unidentified.png",,c.fire_rate_wait + 32,,,,,,,,,,,0,,,,"c.extra_entities = c.extra_e;c.bounces = c.bou;c.fire_rate_wait = c.fire_rate_wait + 32;"
BOUNCE_SMALL_EXPLOSION,"$action_bounce_small_explosion","$actiondesc_bounce_small_explosion",ACTION_TYPE_MODIFIER,100,10,,"0,1,2","0.5,0.3,0.3","data/ui_gfx/gun_actions/bounce_small_explosion.png","data/ui_gfx/gun_actions/sinewave_unidentified.png",,c.fire_rate_wait + 9,,,,,,,,,,,0,,,,"c.extra_entities = c.extra_e;c.bounces = c.bou;c.fire_rate_wait = c.fire_rate_wait + 9;"
BOUNCE_LIGHTNING,"$action_bounce_lightning","$actiondesc_bounce_lightning",ACTION_TYPE_MODIFIER,180,40,,"1,3,5","0.1,0.3,0.6","data/ui_gfx/gun_actions/bounce_lightning.png","data/ui_gfx/gun_actions/sinewave_unidentified.png",,c.fire_rate_wait + 25,,,,,,,,,,,0,,,,"c.extra_entities = c.extra_e;c.bounces = c.bou;c.fire_rate_wait = c.fire_rate_wait + 25;"
BOUNCE_HOLE,"$action_bounce_hole","$actiondesc_bounce_hole",ACTION_TYPE_MODIFIER,220,60,20,"2,4,6,10","0.1,0.4,0.4,0.1","data/ui_gfx/gun_actions/bounce_hole.png","data/ui_gfx/gun_actions/sinewave_unidentified.png",,c.fire_rate_wait + 40,,,,,,,,,,,0,,true,,"c.extra_entities = c.extra_e;c.bounces = c.bou;c.fire_rate_wait = c.fire_rate_wait + 40;"
FIREBALL_RAY,"$action_fireball_ray","$actiondesc_fireball_ray",ACTION_TYPE_MODIFIER,150,110,16,"1,2,4,5","0.6,0.6,0.4,0.4","data/ui_gfx/gun_actions/fireball_ray.png","data/ui_gfx/gun_actions/electric_charge_unidentified.png",,,,,,,,,,,,,0,,,,"c.extra_entities = c.extra_e;"
LIGHTNING_RAY,"$action_lightning_ray","$actiondesc_lightning_ray",ACTION_TYPE_MODIFIER,180,110,16,"1,2,3,4,5","0,0.2,0.4,0.4,0.4","data/ui_gfx/gun_actions/lightning_ray.png","data/ui_gfx/gun_actions/electric_charge_unidentified.png",,,,,,,,,,,,,0,"data/entities/misc/custom_cards/electric_charge.xml",,,"c.extra_entities = c.extra_e;"
TENTACLE_RAY,"$action_tentacle_ray","$actiondesc_tentacle_ray",ACTION_TYPE_MODIFIER,150,110,16,"1,2,3,4,5","0.1,0,0.4,0.4,0.4","data/ui_gfx/gun_actions/tentacle_ray.png","data/ui_gfx/gun_actions/electric_charge_unidentified.png",,,,,,,,,,,,,0,,,,"c.extra_entities = c.extra_e;"
LASER_EMITTER_RAY,"$action_laser_emitter_ray","$actiondesc_laser_emitter_ray",ACTION_TYPE_MODIFIER,150,110,16,"1,2,3,4,5","0,0.1,0.4,0.4,0.4","data/ui_gfx/gun_actions/laser_emitter_ray.png","data/ui_gfx/gun_actions/electric_charge_unidentified.png",,,,,,,,,,,,,0,,,,"c.extra_entities = c.extra_e;"
BUBBLESHOT,"$action_bubbleshot","$actiondesc_bubbleshot",ACTION_TYPE_PROJECTILE,100,5,,"0,1,2,3","1,0.6,1,0.5","data/ui_gfx/gun_actions/bubbleshot.png","data/ui_gfx/gun_actions/bubbleshot_unidentified.png",,c.fire_rate_wait - 5,,,,,,,,,,,0,,,,"add_projectile(""data/entities/projectiles/deck/bubbleshot.xml"");c.fire_rate_wait = c.fire_rate_wait - 5;c.dampening = 0.1;"
FIREBALL_RAY_LINE,"$action_fireball_ray_line","$actiondesc_fireball_ray_line",ACTION_TYPE_MODIFIER,120,130,20,"2,3,4,5,6","0.6,0.4,0.4,0.4,1","data/ui_gfx/gun_actions/fireball_ray_line.png","data/ui_gfx/gun_actions/electric_charge_unidentified.png",,,,,,,,,,,,,0,,,,"c.extra_entities = c.extra_e;"
FIREBALL_RAY_ENEMY,"$action_fireball_ray_enemy","$actiondesc_fireball_ray_enemy",ACTION_TYPE_MODIFIER,100,90,20,"1,2,4,5","0.5,0.6,0.4,0.3","data/ui_gfx/gun_actions/fireball_ray_enemy.png","data/ui_gfx/gun_actions/electric_charge_unidentified.png",,,,,,,,,,,,,0,,,,"c.extra_entities = c.extra_e;"
LIGHTNING_RAY_ENEMY,"$action_lightning_ray_enemy","$actiondesc_lightning_ray_enemy",ACTION_TYPE_MODIFIER,150,90,20,"1,2,3,4,5","0,0.2,0.4,0.4,0.5","data/ui_gfx/gun_actions/lightning_ray_enemy.png","data/ui_gfx/gun_actions/electric_charge_unidentified.png",,,,,,,,,,,,,0,"data/entities/misc/custom_cards/electric_charge.xml",,,"c.extra_entities = c.extra_e;"
TENTACLE_RAY_ENEMY,"$action_tentacle_ray_enemy","$actiondesc_tentacle_ray_enemy",ACTION_TYPE_MODIFIER,150,90,20,"1,2,3,4,5","0,0.1,0.4,0.5,0.4","data/ui_gfx/gun_actions/tentacle_ray_enemy.png","data/ui_gfx/gun_actions/electric_charge_unidentified.png",,,,,,,,,,,,,0,,,,"c.extra_entities = c.extra_e;"
GRAVITY_FIELD_ENEMY,"$action_gravity_field_enemy","$actiondesc_gravity_field_enemy",ACTION_TYPE_MODIFIER,250,110,20,"1,2,4,5","0.5,0.6,0.4,0.4","data/ui_gfx/gun_actions/gravity_field_enemy.png","data/ui_gfx/gun_actions/electric_charge_unidentified.png",,,,,,,,,,,,,0,,,,"c.extra_entities = c.extra_e;"
CURSE,"$action_curse","$actiondesc_curse",ACTION_TYPE_MODIFIER,140,30,,"2,3,5,10","0.6,0.7,0.4,0.1","data/ui_gfx/gun_actions/curse.png","data/ui_gfx/gun_actions/electric_charge_unidentified.png",,,,,,,,,,,,,0,,,,"c.extra_entities = c.extra_e;"
CURSE_WITHER_PROJECTILE,"$action_curse_wither_projectile","$actiondesc_curse_wither_projectile",ACTION_TYPE_MODIFIER,100,50,,"3,4,5,6,10","0.2,0.4,0.7,0.7,0.1","data/ui_gfx/gun_actions/curse_wither_projectile.png","data/ui_gfx/gun_actions/electric_charge_unidentified.png",,,,,,,,,,,,,0,,,,"c.extra_entities = c.extra_e;"
CURSE_WITHER_EXPLOSION,"$action_curse_wither_explosion","$actiondesc_curse_wither_explosion",ACTION_TYPE_MODIFIER,100,50,,"2,3,4,5,10","0.2,0.4,0.7,0.7,0.1","data/ui_gfx/gun_actions/curse_wither_explosion.png","data/ui_gfx/gun_actions/electric_charge_unidentified.png",,,,,,,,,,,,,0,,,,"c.extra_entities = c.extra_e;"
CURSE_WITHER_MELEE,"$action_curse_wither_melee","$actiondesc_curse_wither_melee",ACTION_TYPE_MODIFIER,100,50,,"3,4,5,6,10","0.2,0.4,0.7,0.7,0.1","data/ui_gfx/gun_actions/curse_wither_melee.png","data/ui_gfx/gun_actions/electric_charge_unidentified.png",,,,,,,,,,,,,0,,,,"c.extra_entities = c.extra_e;"
CURSE_WITHER_ELECTRICITY,"$action_curse_wither_electricity","$actiondesc_curse_wither_electricity",ACTION_TYPE_MODIFIER,100,50,,"1,4,5,6,10","0.2,0.4,0.7,0.7,0.1","data/ui_gfx/gun_actions/curse_wither_electricity.png","data/ui_gfx/gun_actions/electric_charge_unidentified.png",,,,,,,,,,,,,0,,,,"c.extra_entities = c.extra_e;"
BUBBLESHOT_TRIGGER,"$action_bubbleshot_trigger","$actiondesc_bubbleshot_trigger",ACTION_TYPE_PROJECTILE,120,16,,"1,2,3","0.5,0.5,1","data/ui_gfx/gun_actions/bubbleshot_trigger.png","data/ui_gfx/gun_actions/bubbleshot_trigger_unidentified.png",,c.fire_rate_wait - 5,,,,,,,,,,,0,,,,"c.fire_rate_wait = c.fire_rate_wait - 5;c.dampening = 0.1;add_projectile_trigger_hit_world(""data/entities/projectiles/deck/bubbleshot.xml"", 1);"
ORBIT_DISCS,"$action_orbit_discs","$actiondesc_orbit_discs",ACTION_TYPE_MODIFIER,200,70,,"1,2,4,5","0.3,0.65,0.4,0.3","data/ui_gfx/gun_actions/orbit_discs.png","data/ui_gfx/gun_actions/electric_charge_unidentified.png",,,,,,,,,,,,,0,,,"card_unlocked_dragon","c.extra_entities = c.extra_e;"
ORBIT_FIREBALLS,"$action_orbit_fireballs","$actiondesc_orbit_fireballs",ACTION_TYPE_MODIFIER,140,40,,"0,1,2,4,5","0.2,0.3,0.7,0.4,0.2","data/ui_gfx/gun_actions/orbit_fireballs.png","data/ui_gfx/gun_actions/electric_charge_unidentified.png",,,,,,,,,,,,,0,,,"card_unlocked_dragon","c.extra_entities = c.extra_e;"
ORBIT_NUKES,"$action_orbit_nukes","$actiondesc_orbit_nukes",ACTION_TYPE_MODIFIER,400,250,3,"2,4,5,6,10","0.1,0.2,0.1,0.2,1","data/ui_gfx/gun_actions/orbit_nukes.png","data/ui_gfx/gun_actions/electric_charge_unidentified.png",,,,,,,,,,,,,0,,,"card_unlocked_dragon","c.extra_entities = c.extra_e;"
ORBIT_LASERS,"$action_orbit_lasers","$actiondesc_orbit_lasers",ACTION_TYPE_MODIFIER,200,100,,"1,2,4,5,10","0.2,0.7,0.4,0.3,0.2","data/ui_gfx/gun_actions/orbit_lasers.png","data/ui_gfx/gun_actions/electric_charge_unidentified.png",,,,,,,,,,,,,0,,,"card_unlocked_dragon","c.extra_entities = c.extra_e;"
ORBIT_LARPA,"$action_orbit_larpa","$actiondesc_orbit_larpa",ACTION_TYPE_MODIFIER,240,90,,"3,4,6,10","0.2,0.2,0.8,0.2","data/ui_gfx/gun_actions/orbit_larpa.png","data/ui_gfx/gun_actions/electric_charge_unidentified.png",,,,,,,,,,,,,0,,,"card_unlocked_dragon","c.extra_entities = c.extra_e;"
CHAIN_SHOT,"$action_chain_shot","$actiondesc_chain_shot",ACTION_TYPE_MODIFIER,240,70,,"2,4,5","0.4,0.6,0.8","data/ui_gfx/gun_actions/chain_shot.png","data/ui_gfx/gun_actions/homing_unidentified.png",,,,c.spread_degrees + 10.0,,,c.explosio,,c.lifetime_add - 30,,,,0,,,,"c.extra_entities = c.extra_e;c.lifetime_add = c.lifetime_add - 30;c.damage_projectile_add = c.damage_projectile_add - 0.2;c.explosion_radius = c.explosio;c.explosion_radius = 0;c.spread_degrees = c.spread_degrees + 10.0;"
ARC_ELECTRIC,"$action_arc_electric","$actiondesc_arc_electric",ACTION_TYPE_MODIFIER,170,15,,"2,3,4,5,6","0.4,0.4,0.4,0.4,0.8","data/ui_gfx/gun_actions/arc_electric.png","data/ui_gfx/gun_actions/arc_electric_unidentified.png",,,,,,,,,,,,,0,"data/entities/misc/custom_cards/arc_electric.xml",,,"c.extra_entities = c.extra_e;"
ARC_FIRE,"$action_arc_fire","$actiondesc_arc_fire",ACTION_TYPE_MODIFIER,160,15,,"1,2,3,4,5","0.4,0.2,0.2,0.5,0.2","data/ui_gfx/gun_actions/arc_fire.png","data/ui_gfx/gun_actions/arc_fire_unidentified.png",,,,,,,,,,,,,0,"data/entities/misc/custom_cards/arc_fire.xml",,,"c.extra_entities = c.extra_e;"
ARC_GUNPOWDER,"$action_arc_gunpowder","$actiondesc_arc_gunpowder",ACTION_TYPE_MODIFIER,160,15,,"1,2,3,4,5","0.4,0.4,0.2,0.4,0.2","data/ui_gfx/gun_actions/arc_gunpowder.png","data/ui_gfx/gun_actions/arc_fire_unidentified.png",,,,,,,,,,,,,0,,,,"c.extra_entities = c.extra_e;"
ARC_POISON,"$action_arc_poison","$actiondesc_arc_poison",ACTION_TYPE_MODIFIER,160,15,,"1,2,3,4,5","0.4,0.2,0.4,0.2,0.4","data/ui_gfx/gun_actions/arc_poison.png","data/ui_gfx/gun_actions/arc_fire_unidentified.png",,,,,,,,,,,,,0,,,,"c.extra_entities = c.extra_e;"
DISC_BULLET,"$action_disc_bullet","$actiondesc_disc_bullet",ACTION_TYPE_PROJECTILE,120,20,,"0,2,4","1,1,0.6","data/ui_gfx/gun_actions/disc_bullet.png","data/ui_gfx/gun_actions/disc_bullet_unidentified.png",,c.fire_rate_wait + 10,,c.spread_degrees + 2.0,,,,,,,,,0,,,,"add_projectile(""data/entities/projectiles/deck/disc_bullet.xml"");c.fire_rate_wait = c.fire_rate_wait + 10;c.spread_degrees = c.spread_degrees + 2.0;"
CRUMBLING_EARTH_PROJECTILE,"$action_crumbling_earth_projectile","$actiondesc_crumbling_earth_projectile",ACTION_TYPE_MODIFIER,200,45,15,"1,2,3,4,5","0.2,0.3,0.4,0.4,0.3","data/ui_gfx/gun_actions/crumbling_earth_projectile.png","data/ui_gfx/gun_actions/arc_fire_unidentified.png",,,,,,,,,,,,,0,,,,"c.extra_entities = c.extra_e;"
X_RAY,"$action_x_ray","$actiondesc_x_ray",ACTION_TYPE_UTILITY,230,100,10,"0,1,2,3,4,5,6","0.8,1,1,0.7,0.5,0.3,0.2","data/ui_gfx/gun_actions/x_ray.png","data/ui_gfx/gun_actions/x_ray_unidentified.png",,,,,,,,,,,,,0,"data/entities/misc/custom_cards/xray.xml",,,"add_projectile(""data/entities/projectiles/deck/xray.xml"");"
UNSTABLE_GUNPOWDER,"$action_unstable_gunpowder","$actiondesc_unstable_gunpowder",ACTION_TYPE_MODIFIER,140,15,,"2,3,4","0.3,0.4,0.4","data/ui_gfx/gun_actions/unstable_gunpowder.png","data/ui_gfx/gun_actions/unstable_gunpowder_unidentified.png",,,,,,,,,,"""gu",,,0,"data/entities/misc/custom_cards/unstable_gunpowder.xml",,,"c.material = ""gu;c.material_amount = c.material_amou;"
ACID_TRAIL,"$action_acid_trail","$actiondesc_acid_trail",ACTION_TYPE_MODIFIER,160,15,,"1,2,3,4,5","0.3,0.2,0.3,0.3,0.4","data/ui_gfx/gun_actions/acid_trail.png","data/ui_gfx/gun_actions/acid_trail_unidentified.png",,,,,,,,,,,,,0,"data/entities/misc/custom_cards/acid_trail.xml",,,"c.trail_material = c.trail_material .. ""acid;c.trail_material_amount = c.trail_material_amou;"
POISON_TRAIL,"$action_poison_trail","$actiondesc_poison_trail",ACTION_TYPE_MODIFIER,160,10,,"2,3,4","0.3,0.3,0.3","data/ui_gfx/gun_actions/poison_trail.png","data/ui_gfx/gun_actions/poison_trail_unidentified.png",,,,,,,,,,,,,0,"data/entities/misc/custom_cards/poison_trail.xml",,,"c.game_effect_entities = c.game_effect_e;c.trail_material = c.trail_material .. ""poiso;c.trail_material_amount = c.trail_material_amou;"
OIL_TRAIL,"$action_oil_trail","$actiondesc_oil_trail",ACTION_TYPE_MODIFIER,160,10,,"2,3,4","0.3,0.3,0.3","data/ui_gfx/gun_actions/oil_trail.png","data/ui_gfx/gun_actions/oil_trail_unidentified.png",,,,,,,,,,,,,0,"data/entities/misc/custom_cards/oil_trail.xml",,,"c.game_effect_entities = c.game_effect_e;c.trail_material = c.trail_material .. ""oil;c.trail_material_amount = c.trail_material_amou;"
WATER_TRAIL,"$action_water_trail","$actiondesc_water_trail",ACTION_TYPE_MODIFIER,160,10,,"1,2,3,4","0.3,0.3,0.3,0.3","data/ui_gfx/gun_actions/water_trail.png","data/ui_gfx/gun_actions/oil_trail_unidentified.png",,,,,,,,,,,,,0,"data/entities/misc/custom_cards/water_trail.xml",,,"c.game_effect_entities = c.game_effect_e;c.trail_material = c.trail_material .. ""water;c.trail_material_amount = c.trail_material_amou;"
GUNPOWDER_TRAIL,"$action_gunpowder_trail","$actiondesc_gunpowder_trail",ACTION_TYPE_MODIFIER,160,10,,"2,3,4","0.3,0.3,0.3","data/ui_gfx/gun_actions/gunpowder_trail.png","data/ui_gfx/gun_actions/oil_trail_unidentified.png",,,,,,,,,,,,,0,"data/entities/misc/custom_cards/gunpowder_trail.xml",,,"c.trail_material = c.trail_material .. ""gu;c.trail_material_amount = c.trail_material_amou;"
FIRE_TRAIL,"$action_fire_trail","$actiondesc_fire_trail",ACTION_TYPE_MODIFIER,130,10,,"0,1,2,3,4","0.4,0.5,0.3,0.3,0.2","data/ui_gfx/gun_actions/fire_trail.png","data/ui_gfx/gun_actions/fire_trail_unidentified.png",,,,,,,,,,,,,0,"data/entities/misc/custom_cards/fire_trail.xml",,,"c.game_effect_entities = c.game_effect_e;c.trail_material = c.trail_material .. ""fire;c.trail_material_amount = c.trail_material_amou;"
BURN_TRAIL,"$action_burn_trail","$actiondesc_burn_trail",ACTION_TYPE_MODIFIER,100,5,,"0,1,2","0.4,0.3,0.3","data/ui_gfx/gun_actions/burn_trail.png","data/ui_gfx/gun_actions/burn_trail_unidentified.png",,,,,,,,,,,,,0,"data/entities/misc/custom_cards/burn_trail.xml",,,"c.game_effect_entities = c.game_effect_e;c.extra_entities = c.extra_e;"
DISC_BULLET_BIG,"$action_disc_bullet_big","$actiondesc_disc_bullet_big",ACTION_TYPE_PROJECTILE,180,38,,"0,2,4","0.6,0.7,0.8","data/ui_gfx/gun_actions/disc_bullet_big.png","data/ui_gfx/gun_actions/disc_bullet_unidentified.png",,c.fire_rate_wait + 20,,c.spread_degrees + 3.4,,,,,,,,,0,,,,"add_projectile(""data/entities/projectiles/deck/disc_bullet_big.xml"");c.fire_rate_wait = c.fire_rate_wait + 20;c.spread_degrees = c.spread_degrees + 3.4;"
TORCH,"$action_torch","$actiondesc_torch",ACTION_TYPE_PASSIVE,100,0,,"0,1,2","1,0.6,0.5","data/ui_gfx/gun_actions/torch.png","data/ui_gfx/gun_actions/torch_unidentified.png",,,,,,,,,,,,,0,"data/entities/misc/custom_cards/torch.xml",,,
TORCH_ELECTRIC,"$action_torch_electric","$actiondesc_torch_electric",ACTION_TYPE_PASSIVE,150,0,,"0,1,2","0.8,0.6,0.4","data/ui_gfx/gun_actions/torch_electric.png","data/ui_gfx/gun_actions/torch_unidentified.png",,,,,,,,,,,,,0,"data/entities/misc/custom_cards/torch_electric.xml",,,
ENERGY_SHIELD,"$action_energy_shield","$actiondesc_energy_shield",ACTION_TYPE_PASSIVE,220,,,"1,2,3,4,5,6","0.05,0.4,0.8,0.4,0.4,0.6","data/ui_gfx/gun_actions/energy_shield.png","data/ui_gfx/gun_actions/energy_shield_unidentified.png",,,,,,,,,,,,,0,"data/entities/misc/custom_cards/energy_shield.xml",,,
ENERGY_SHIELD_SECTOR,"$action_energy_shield_sector","$actiondesc_energy_shield_sector",ACTION_TYPE_PASSIVE,160,,,"0,1,2,3,4,5","0.1,0.5,0.6,0.8,0.5,0.4","data/ui_gfx/gun_actions/energy_shield_sector.png","data/ui_gfx/gun_actions/energy_shield_sector_unidentified.png",,,,,,,,,,,,,0,"data/entities/misc/custom_cards/energy_shield_sector.xml",,,
ENERGY_SHIELD_SHOT,"$action_energy_shield_shot","$actiondesc_energy_shield_shot",ACTION_TYPE_MODIFIER,180,5,,"2,3,4,5,6","0.3,0.3,0.5,0.4,0.3","data/ui_gfx/gun_actions/energy_shield_shot.png","data/ui_gfx/gun_actions/energy_shield_shot_unidentified.png",,,,,,c.speed_multiplier * 0.4,,,,,,,0,,,,"c.speed_multiplier = c.speed_multiplier * 0.4;c.extra_entities = c.extra_e;c.speed_multiplier = math.mi;c.speed_multiplier = 0;"
TINY_GHOST,"$action_tiny_ghost","$actiondesc_tiny_ghost",ACTION_TYPE_PASSIVE,160,0,,"1,2,3,4,5,6","0.1,0.5,1,0.8,0.7,0.5","data/ui_gfx/gun_actions/tiny_ghost.png","data/ui_gfx/gun_actions/torch_unidentified.png",,,,,,,,,,,,,0,"data/entities/misc/custom_cards/tiny_ghost.xml",,,
OCARINA_A,"$action_ocarina_a","$actiondesc_ocarina_a",ACTION_TYPE_OTHER,10,1,,10,0,"data/ui_gfx/gun_actions/ocarina_a.png",,,c.fire_rate_wait + 15,,,,,,,,,,,0,,,"card_unlocked_ocarina","add_projectile(""data/entities/projectiles/deck/ocarina/ocarina_a.xml"");c.fire_rate_wait = c.fire_rate_wait + 15;"
OCARINA_B,"$action_ocarina_b","$actiondesc_ocarina_b",ACTION_TYPE_OTHER,10,1,,10,0,"data/ui_gfx/gun_actions/ocarina_b.png",,,c.fire_rate_wait + 15,,,,,,,,,,,0,,,"card_unlocked_ocarina","add_projectile(""data/entities/projectiles/deck/ocarina/ocarina_b.xml"");c.fire_rate_wait = c.fire_rate_wait + 15;"
OCARINA_C,"$action_ocarina_c","$actiondesc_ocarina_c",ACTION_TYPE_OTHER,10,1,,10,0,"data/ui_gfx/gun_actions/ocarina_c.png",,,c.fire_rate_wait + 15,,,,,,,,,,,0,,,"card_unlocked_ocarina","add_projectile(""data/entities/projectiles/deck/ocarina/ocarina_c.xml"");c.fire_rate_wait = c.fire_rate_wait + 15;"
OCARINA_D,"$action_ocarina_d","$actiondesc_ocarina_d",ACTION_TYPE_OTHER,10,1,,10,0,"data/ui_gfx/gun_actions/ocarina_d.png",,,c.fire_rate_wait + 15,,,,,,,,,,,0,,,"card_unlocked_ocarina","add_projectile(""data/entities/projectiles/deck/ocarina/ocarina_d.xml"");c.fire_rate_wait = c.fire_rate_wait + 15;"
DISC_BULLET_BIGGER,"$action_omega_disc_bullet","$actiondesc_omega_disc_bullet",ACTION_TYPE_PROJECTILE,270,70,,"2,3,5,10","0.1,0.6,1,0.4","data/ui_gfx/gun_actions/omega_disc_bullet.png","data/ui_gfx/gun_actions/disc_bullet_unidentified.png",,c.fire_rate_wait + 40,,c.spread_degrees + 6.4,,,,,,,,,0,,,"card_unlocked_everything","add_projectile(""data/entities/projectiles/deck/disc_bullet_bigger.xml"");c.fire_rate_wait = c.fire_rate_wait + 40;c.spread_degrees = c.spread_degrees + 6.4;c.damage_projectile_add = c.damage_projectile_add + 0.2;"
OCARINA_E,"$action_ocarina_e","$actiondesc_ocarina_e",ACTION_TYPE_OTHER,10,1,,10,0,"data/ui_gfx/gun_actions/ocarina_e.png",,,c.fire_rate_wait + 15,,,,,,,,,,,0,,,"card_unlocked_ocarina","add_projectile(""data/entities/projectiles/deck/ocarina/ocarina_e.xml"");c.fire_rate_wait = c.fire_rate_wait + 15;"
OCARINA_F,"$action_ocarina_f","$actiondesc_ocarina_f",ACTION_TYPE_OTHER,10,1,,10,0,"data/ui_gfx/gun_actions/ocarina_f.png",,,c.fire_rate_wait + 15,,,,,,,,,,,0,,,"card_unlocked_ocarina","add_projectile(""data/entities/projectiles/deck/ocarina/ocarina_f.xml"");c.fire_rate_wait = c.fire_rate_wait + 15;"
OCARINA_GSHARP,"$action_ocarina_gsharp","$actiondesc_ocarina_gsharp",ACTION_TYPE_OTHER,10,1,,10,0,"data/ui_gfx/gun_actions/ocarina_gsharp.png",,,c.fire_rate_wait + 15,,,,,,,,,,,0,,,"card_unlocked_ocarina","add_projectile(""data/entities/projectiles/deck/ocarina/ocarina_gsharp.xml"");c.fire_rate_wait = c.fire_rate_wait + 15;"
OCARINA_A2,"$action_ocarina_a2","$actiondesc_ocarina_a2",ACTION_TYPE_OTHER,10,1,,10,0,"data/ui_gfx/gun_actions/ocarina_a2.png",,,c.fire_rate_wait + 15,,,,,,,,,,,0,,,"card_unlocked_ocarina","add_projectile(""data/entities/projectiles/deck/ocarina/ocarina_a2.xml"");c.fire_rate_wait = c.fire_rate_wait + 15;"
KANTELE_A,"$action_kantele_a","$actiondesc_kantele_a",ACTION_TYPE_OTHER,10,1,,10,0,"data/ui_gfx/gun_actions/kantele_a.png",,,c.fire_rate_wait + 15,,,,,,,,,,,0,,,"card_unlocked_kantele","add_projectile(""data/entities/projectiles/deck/kantele/kantele_a.xml"");c.fire_rate_wait = c.fire_rate_wait + 15;"
KANTELE_D,"$action_kantele_d","$actiondesc_kantele_d",ACTION_TYPE_OTHER,10,1,,10,0,"data/ui_gfx/gun_actions/kantele_d.png",,,c.fire_rate_wait + 15,,,,,,,,,,,0,,,"card_unlocked_kantele","add_projectile(""data/entities/projectiles/deck/kantele/kantele_d.xml"");c.fire_rate_wait = c.fire_rate_wait + 15;"
KANTELE_DIS,"$action_kantele_dis","$actiondesc_kantele_dis",ACTION_TYPE_OTHER,10,1,,10,0,"data/ui_gfx/gun_actions/kantele_dis.png",,,c.fire_rate_wait + 15,,,,,,,,,,,0,,,"card_unlocked_kantele","add_projectile(""data/entities/projectiles/deck/kantele/kantele_dis.xml"");c.fire_rate_wait = c.fire_rate_wait + 15;"
KANTELE_E,"$action_kantele_e","$actiondesc_kantele_e",ACTION_TYPE_OTHER,10,1,,10,0,"data/ui_gfx/gun_actions/kantele_e.png",,,c.fire_rate_wait + 15,,,,,,,,,,,0,,,"card_unlocked_kantele","add_projectile(""data/entities/projectiles/deck/kantele/kantele_e.xml"");c.fire_rate_wait = c.fire_rate_wait + 15;"
KANTELE_G,"$action_kantele_g","$actiondesc_kantele_g",ACTION_TYPE_OTHER,10,1,,10,0,"data/ui_gfx/gun_actions/kantele_g.png",,,c.fire_rate_wait + 15,,,,,,,,,,,0,,,"card_unlocked_kantele","add_projectile(""data/entities/projectiles/deck/kantele/kantele_g.xml"");c.fire_rate_wait = c.fire_rate_wait + 15;"
RANDOM_SPELL,"$action_random_spell","$actiondesc_random_spell",ACTION_TYPE_OTHER,100,5,,"3,4,5,6,10","0.2,0.3,0.2,0.1,0.5","data/ui_gfx/gun_actions/random_spell.png","data/ui_gfx/gun_actions/spread_reduce_unidentified.png",,,,,,,,,,,,,0,,,"card_unlocked_pyramid",
BOUNCY_ORB,"$action_bouncy_orb","$actiondesc_bouncy_orb",ACTION_TYPE_PROJECTILE,120,20,,"0,2,4","1,1,1","data/ui_gfx/gun_actions/bouncy_orb.png","data/ui_gfx/gun_actions/disc_bullet_unidentified.png",,c.fire_rate_wait + 10,,,,,,,,,,,0,,,,"add_projectile(""data/entities/projectiles/deck/bouncy_orb.xml"");c.fire_rate_wait = c.fire_rate_wait + 10;"
RANDOM_PROJECTILE,"$action_random_projectile","$actiondesc_random_projectile",ACTION_TYPE_PROJECTILE,150,20,,"2,4,5,6,10","0.2,0.4,0.1,0.2,0.5","data/ui_gfx/gun_actions/random_projectile.png","data/ui_gfx/gun_actions/spread_reduce_unidentified.png",,,,,,,,,,,,,0,,,"card_unlocked_pyramid",
RANDOM_MODIFIER,"$action_random_modifier","$actiondesc_random_modifier",ACTION_TYPE_MODIFIER,120,20,,"4,5,6,10","0.3,0.2,0.1,0.5","data/ui_gfx/gun_actions/random_modifier.png","data/ui_gfx/gun_actions/spread_reduce_unidentified.png",,,,,,,,,,,,,0,,,"card_unlocked_pyramid",
RANDOM_STATIC_PROJECTILE,"$action_random_static_projectile","$actiondesc_random_static_projectile",ACTION_TYPE_STATIC_PROJECTILE,160,20,,"3,5,6,10","0.2,0.1,0.2,0.5","data/ui_gfx/gun_actions/random_static_projectile.png","data/ui_gfx/gun_actions/spread_reduce_unidentified.png",,,,,,,,,,,,,0,,,"card_unlocked_pyramid",
DRAW_RANDOM,"$action_draw_random","$actiondesc_draw_random",ACTION_TYPE_OTHER,150,20,,"2,3,4,5,6,10","0.3,0.2,0.2,0.1,0.1,1","data/ui_gfx/gun_actions/draw_random.png","data/ui_gfx/gun_actions/spread_reduce_unidentified.png",,,,,,,,,,,,,0,,,"card_unlocked_pyramid",
DRAW_RANDOM_X3,"$action_draw_random_x3","$actiondesc_draw_random_x3",ACTION_TYPE_OTHER,250,50,,"3,4,5,6,10","0.1,0.3,0.1,0.1,1","data/ui_gfx/gun_actions/draw_random_x3.png","data/ui_gfx/gun_actions/spread_reduce_unidentified.png",,,,,,,,,,,,,0,,,"card_unlocked_pyramid",
DRAW_3_RANDOM,"$action_draw_3_random","$actiondesc_draw_3_random",ACTION_TYPE_OTHER,200,40,,"2,3,5,6,10","0.1,0.2,0.1,0.1,1","data/ui_gfx/gun_actions/draw_3_random.png","data/ui_gfx/gun_actions/spread_reduce_unidentified.png",,,,,,,,,,,,,0,,,"card_unlocked_pyramid",
ALL_NUKES,"$action_all_nukes","$actiondesc_all_nukes",ACTION_TYPE_UTILITY,600,600,2,"6,10","0.1,1","data/ui_gfx/gun_actions/all_nukes.png","data/ui_gfx/gun_actions/rocket_unidentified.png",,c.fire_rate_wait + 100,,,,,,,,,,,0,,true,"card_unlocked_alchemy","add_projectile(""data/entities/projectiles/deck/all_nukes.xml"");c.fire_rate_wait = c.fire_rate_wait + 100;"
ALL_DISCS,"$action_all_discs","$actiondesc_all_discs",ACTION_TYPE_UTILITY,400,100,,"0,6,10","0.1,0.05,1","data/ui_gfx/gun_actions/all_discs.png","data/ui_gfx/gun_actions/rocket_unidentified.png",,c.fire_rate_wait + 50,,,,,,,,,,,0,,,"card_unlocked_alchemy","add_projectile(""data/entities/projectiles/deck/all_discs.xml"");c.fire_rate_wait = c.fire_rate_wait + 50;"
ALL_ROCKETS,"$action_all_rockets","$actiondesc_all_rockets",ACTION_TYPE_UTILITY,400,100,10,"1,6,10","0.1,0.05,1","data/ui_gfx/gun_actions/all_rockets.png","data/ui_gfx/gun_actions/rocket_unidentified.png",,c.fire_rate_wait + 50,,,,,,,,,,,0,,true,"card_unlocked_alchemy","add_projectile(""data/entities/projectiles/deck/all_rockets.xml"");c.fire_rate_wait = c.fire_rate_wait + 50;"
ALL_DEATHCROSSES,"$action_all_deathcrosses","$actiondesc_all_deathcrosses",ACTION_TYPE_UTILITY,350,80,15,"2,6,10","0.1,0.05,1","data/ui_gfx/gun_actions/all_deathcrosses.png","data/ui_gfx/gun_actions/rocket_unidentified.png",,c.fire_rate_wait + 40,,,,,,,,,,,0,,true,"card_unlocked_alchemy","add_projectile(""data/entities/projectiles/deck/all_deathcrosses.xml"");c.fire_rate_wait = c.fire_rate_wait + 40;"
BOUNCY_ORB_TIMER,"$action_bouncy_orb_timer","$actiondesc_bouncy_orb_timer",ACTION_TYPE_PROJECTILE,150,50,,"0,2,4","0.5,0.5,0.5","data/ui_gfx/gun_actions/bouncy_orb_timer.png","data/ui_gfx/gun_actions/disc_bullet_unidentified.png",,c.fire_rate_wait + 10,,,,,,,,,,,0,,,,"add_projectile_trigger_timer(""data/entities/projectiles/deck/bouncy_orb.xml"",200,1);c.fire_rate_wait = c.fire_rate_wait + 10;"
ALL_BLACKHOLES,"$action_all_blackholes","$actiondesc_all_blackholes",ACTION_TYPE_UTILITY,500,200,10,"3,6,10","0.1,0.05,1","data/ui_gfx/gun_actions/all_blackholes.png","data/ui_gfx/gun_actions/rocket_unidentified.png",,c.fire_rate_wait + 100,,,,,,,,,,,0,,true,"card_unlocked_alchemy","add_projectile(""data/entities/projectiles/deck/all_blackholes.xml"");c.fire_rate_wait = c.fire_rate_wait + 100;"
ALL_ACID,"$action_all_acid","$actiondesc_all_acid",ACTION_TYPE_UTILITY,600,200,,"4,6,10","0.1,0.05,1","data/ui_gfx/gun_actions/all_acid.png","data/ui_gfx/gun_actions/rocket_unidentified.png",,c.fire_rate_wait + 100,,,,,,,,,,,0,,,"card_unlocked_alchemy","add_projectile(""data/entities/projectiles/deck/all_acid.xml"");c.fire_rate_wait = c.fire_rate_wait + 100;"
ALL_SPELLS,"$action_all_spells","$actiondesc_all_spells",ACTION_TYPE_OTHER,1000,600,1,10,1,"data/ui_gfx/gun_actions/all_spells.png","data/ui_gfx/gun_actions/spread_reduce_unidentified.png",,c.fire_rate_wait + 100,,,,,,,,,,,0,,true,"card_unlocked_everything",c.fire_rate_wait = c.fire_rate_wait + 100;
SUMMON_PORTAL,"$action_summon_portal","$actiondesc_summon_portal",ACTION_TYPE_OTHER,100,50,7,10,0,"data/ui_gfx/gun_actions/summon_portal.png","data/ui_gfx/gun_actions/spread_reduce_unidentified.png",,c.fire_rate_wait + 80,,,,,,,,,,,0,"data/entities/misc/custom_cards/summon_portal.xml",,,"add_projectile(""data/entities/projectiles/deck/summon_portal.xml"");c.fire_rate_wait = c.fire_rate_wait + 80;"
ADD_TRIGGER,"$action_add_trigger","$actiondesc_add_trigger",ACTION_TYPE_OTHER,100,10,,"3,4,5,10","0.3,0.6,0.6,1","data/ui_gfx/gun_actions/trigger.png","data/ui_gfx/gun_actions/damage_unidentified.png",,,,,,,,,,,,,0,,,"card_unlocked_mestari","add_projectile_trigger_hit_world(target, 1);"
ADD_TIMER,"$action_add_timer","$actiondesc_add_timer",ACTION_TYPE_OTHER,150,20,,"3,4,5,10","0.3,0.6,0.6,1","data/ui_gfx/gun_actions/timer.png","data/ui_gfx/gun_actions/damage_unidentified.png",,,,,,,,,,,,,0,,,"card_unlocked_mestari","add_projectile_trigger_timer(target, 20, 1);"
ADD_DEATH_TRIGGER,"$action_add_death_trigger","$actiondesc_add_death_trigger",ACTION_TYPE_OTHER,150,20,,"3,4,5,10","0.3,0.6,0.6,1","data/ui_gfx/gun_actions/death_trigger.png","data/ui_gfx/gun_actions/damage_unidentified.png",,,,,,,,,,,,,0,,,"card_unlocked_mestari","add_projectile_trigger_death(target, 1);"
LARPA_CHAOS,"$action_larpa_chaos","$actiondesc_larpa_chaos",ACTION_TYPE_MODIFIER,260,100,,"2,3,4,5,10","0.1,0.2,0.3,0.4,0.2","data/ui_gfx/gun_actions/larpa_chaos.png","data/ui_gfx/gun_actions/electric_charge_unidentified.png",,c.fire_rate_wait + 15,,,,,,,,,,,0,,,,"c.fire_rate_wait = c.fire_rate_wait + 15;c.extra_entities = c.extra_e;"
LARPA_DOWNWARDS,"$action_larpa_downwards","$actiondesc_larpa_downwards",ACTION_TYPE_MODIFIER,290,120,,"2,3,4,5,10","0.1,0.3,0.4,0.2,0.2","data/ui_gfx/gun_actions/larpa_downwards.png","data/ui_gfx/gun_actions/electric_charge_unidentified.png",,c.fire_rate_wait + 15,,,,,,,,,,,0,,,,"c.fire_rate_wait = c.fire_rate_wait + 15;c.extra_entities = c.extra_e;"
LARPA_UPWARDS,"$action_larpa_upwards","$actiondesc_larpa_upwards",ACTION_TYPE_MODIFIER,290,120,,"2,3,4,5,10","0.1,0.1,0.2,0.4,0.2","data/ui_gfx/gun_actions/larpa_upwards.png","data/ui_gfx/gun_actions/electric_charge_unidentified.png",,c.fire_rate_wait + 15,,,,,,,,,,,0,,,,"c.fire_rate_wait = c.fire_rate_wait + 15;c.extra_entities = c.extra_e;"
RUBBER_BALL,"$action_rubber_ball","$actiondesc_rubber_ball",ACTION_TYPE_PROJECTILE,60,5,,"0,1,6","1,1,0.2","data/ui_gfx/gun_actions/rubber_ball.png","data/ui_gfx/gun_actions/rubber_ball_unidentified.png",,c.fire_rate_wait - 2,,c.spread_degrees - 1.0,,,,,,,,,0,,,,"add_projectile(""data/entities/projectiles/deck/rubber_ball.xml"");c.fire_rate_wait = c.fire_rate_wait - 2;c.spread_degrees = c.spread_degrees - 1.0;"
LARPA_CHAOS_2,"$action_larpa_chaos_2","$actiondesc_larpa_chaos_2",ACTION_TYPE_MODIFIER,300,150,,"3,5,10","0.1,0.4,0.1","data/ui_gfx/gun_actions/larpa_chaos_2.png","data/ui_gfx/gun_actions/electric_charge_unidentified.png",,c.fire_rate_wait + 20,,,,,,,,,,,0,,,"card_unlocked_alchemy","c.fire_rate_wait = c.fire_rate_wait + 20;c.extra_entities = c.extra_e;"
LARPA_DEATH,"$action_larpa_death","$actiondesc_larpa_death",ACTION_TYPE_MODIFIER,150,90,30,"2,3,4,5,10","0.1,0.1,0.3,0.4,0.2","data/ui_gfx/gun_actions/larpa_death.png","data/ui_gfx/gun_actions/electric_charge_unidentified.png",,c.fire_rate_wait + 15,,,,,,,,,,,0,,,,"c.fire_rate_wait = c.fire_rate_wait + 15;c.extra_entities = c.extra_e;"
ALPHA,"$action_alpha","$actiondesc_alpha",ACTION_TYPE_OTHER,200,40,,"5,6,10","0.1,0.2,1","data/ui_gfx/gun_actions/alpha.png","data/ui_gfx/gun_actions/spread_reduce_unidentified.png",,c.fire_rate_wait + 15,,,,,,,,,,,0,,,"card_unlocked_duplicate",c.fire_rate_wait = c.fire_rate_wait + 15;
GAMMA,"$action_gamma","$actiondesc_gamma",ACTION_TYPE_OTHER,200,40,,"5,6,10","0.1,0.2,1","data/ui_gfx/gun_actions/gamma.png","data/ui_gfx/gun_actions/spread_reduce_unidentified.png",,c.fire_rate_wait + 15,,,,,,,,,,,0,,,"card_unlocked_duplicate",c.fire_rate_wait = c.fire_rate_wait + 15;
TAU,"$action_tau","$actiondesc_tau",ACTION_TYPE_OTHER,200,90,,"5,6,10","0.1,0.2,1","data/ui_gfx/gun_actions/tau.png","data/ui_gfx/gun_actions/spread_reduce_unidentified.png",,c.fire_rate_wait + 35,,,,,,,,,,,0,,,"card_unlocked_duplicate",c.fire_rate_wait = c.fire_rate_wait + 35;
OMEGA,"$action_omega","$actiondesc_omega",ACTION_TYPE_OTHER,600,320,,"5,6,10","0.1,0.1,1","data/ui_gfx/gun_actions/omega.png","data/ui_gfx/gun_actions/spread_reduce_unidentified.png",,c.fire_rate_wait + 50,,,,,,,,,,,0,,,"card_unlocked_duplicate",c.fire_rate_wait = c.fire_rate_wait + 50;
MU,"$action_mu","$actiondesc_mu",ACTION_TYPE_OTHER,500,120,,"5,6,10","0.1,0.2,1","data/ui_gfx/gun_actions/mu.png","data/ui_gfx/gun_actions/spread_reduce_unidentified.png",,c.fire_rate_wait + 50,,,,,,,,,,,0,,,"card_unlocked_duplicate",c.fire_rate_wait = c.fire_rate_wait + 50;c.fire_rate_wait = firerate;
PHI,"$action_phi","$actiondesc_phi",ACTION_TYPE_OTHER,500,120,,"5,6,10","0.1,0.2,1","data/ui_gfx/gun_actions/phi.png","data/ui_gfx/gun_actions/spread_reduce_unidentified.png",,c.fire_rate_wait + 50,,,,,,,,,,,0,,,"card_unlocked_duplicate",c.fire_rate_wait = c.fire_rate_wait + 50;c.fire_rate_wait = firerate;
SIGMA,"$action_sigma","$actiondesc_sigma",ACTION_TYPE_OTHER,500,120,,"4,5,10","0.1,0.2,1","data/ui_gfx/gun_actions/sigma.png","data/ui_gfx/gun_actions/spread_reduce_unidentified.png",,c.fire_rate_wait + 30,,,,,,,,,,,0,,,"card_unlocked_duplicate",c.fire_rate_wait = c.fire_rate_wait + 30;c.fire_rate_wait = firerate;
ZETA,"$action_zeta","$actiondesc_zeta",ACTION_TYPE_OTHER,200,10,,"2,5,10","0.2,0.4,0.5","data/ui_gfx/gun_actions/zeta.png","data/ui_gfx/gun_actions/spread_reduce_unidentified.png",,,,,,,,,,,,,0,,,"card_unlocked_duplicate",
ARROW,"$action_arrow","$actiondesc_arrow",ACTION_TYPE_PROJECTILE,140,15,,"1,2,4,5","1,1,0.6,0.3","data/ui_gfx/gun_actions/arrow.png","data/ui_gfx/gun_actions/arrow_unidentified.png",,c.fire_rate_wait + 10,,c.spread_degrees - 20,,,,,,,,,0,,,,"add_projectile(""data/entities/projectiles/deck/arrow.xml"");c.fire_rate_wait = c.fire_rate_wait + 10;c.spread_degrees = c.spread_degrees - 20;"
LIGHT_BULLET_TRIGGER,"$action_light_bullet_trigger","$actiondesc_light_bullet_trigger",ACTION_TYPE_PROJECTILE,140,10,,"0,1,2,3","1,0.5,0.5,0.5","data/ui_gfx/gun_actions/light_bullet_trigger.png","data/ui_gfx/gun_actions/light_bullet_trigger_unidentified.png",,c.fire_rate_wait + 3,c.scree,,c.damage_critical_cha,,,,,,,,0,,,,"c.fire_rate_wait = c.fire_rate_wait + 3;c.screenshake = c.scree;c.damage_critical_chance = c.damage_critical_cha;add_projectile_trigger_hit_world(""data/entities/projectiles/deck/light_bullet.xml"", 1);"
DIVIDE_2,"$action_divide_2","$actiondesc_divide_2",ACTION_TYPE_OTHER,200,35,,"3,5,6,10","0.2,0.3,0.2,1","data/ui_gfx/gun_actions/divide_2.png","data/ui_gfx/gun_actions/spread_reduce_unidentified.png",,c.fire_rate_wait + 20,,,,,c.explosio,,,,,,0,,,"card_unlocked_musicbox","c.fire_rate_wait = c.fire_rate_wait + 20;c.fire_rate_wait = firerate;c.damage_projectile_add = c.damage_projectile_add - 0.2;c.explosion_radius = c.explosio;c.explosion_radius = 0;c.pattern_degrees = 5;"
DIVIDE_3,"$action_divide_3","$actiondesc_divide_3",ACTION_TYPE_OTHER,250,50,,"4,5,6,10","0.1,0.1,0.2,1","data/ui_gfx/gun_actions/divide_3.png","data/ui_gfx/gun_actions/spread_reduce_unidentified.png",,c.fire_rate_wait + 35,,,,,c.explosio,,,,,,0,,,"card_unlocked_musicbox","c.fire_rate_wait = c.fire_rate_wait + 35;c.fire_rate_wait = firerate;c.damage_projectile_add = c.damage_projectile_add - 0.4;c.explosion_radius = c.explosio;c.explosion_radius = 0;c.pattern_degrees = 5;"
DIVIDE_4,"$action_divide_4","$actiondesc_divide_4",ACTION_TYPE_OTHER,300,70,,"5,6,10","0.1,0.1,1","data/ui_gfx/gun_actions/divide_4.png","data/ui_gfx/gun_actions/spread_reduce_unidentified.png",,c.fire_rate_wait + 50,,,,,c.explosio,,,,,,0,,,"card_unlocked_musicbox","c.fire_rate_wait = c.fire_rate_wait + 50;c.fire_rate_wait = firerate;c.damage_projectile_add = c.damage_projectile_add - 0.6;c.explosion_radius = c.explosio;c.explosion_radius = 0;c.pattern_degrees = 5;"
DIVIDE_10,"$action_divide_10","$actiondesc_divide_10",ACTION_TYPE_OTHER,400,200,5,10,1,"data/ui_gfx/gun_actions/divide_10.png","data/ui_gfx/gun_actions/spread_reduce_unidentified.png",,c.fire_rate_wait + 80,,,,,c.explosio,,,,,,0,,,"card_unlocked_divide","c.fire_rate_wait = c.fire_rate_wait + 80;c.fire_rate_wait = firerate;c.damage_projectile_add = c.damage_projectile_add - 1.5;c.explosion_radius = c.explosio;c.explosion_radius = 0;c.pattern_degrees = 5;"
METEOR_RAIN,"$action_meteor_rain","$actiondesc_meteor_rain",ACTION_TYPE_STATIC_PROJECTILE,300,225,2,"6,10","0.1,1","data/ui_gfx/gun_actions/meteor_rain.png","data/ui_gfx/gun_actions/bomb_unidentified.png",  ,c.fire_rate_wait + 100,,,,,,,,,,,0,"data/entities/misc/custom_cards/meteor_rain.xml",true,"card_unlocked_rain","add_projectile(""data/entities/projectiles/deck/meteor_rain.xml"");c.extra_entities = c.extra_e;c.fire_rate_wait = c.fire_rate_wait + 100;"
WORM_RAIN,"$action_worm_rain","$actiondesc_worm_rain",ACTION_TYPE_STATIC_PROJECTILE,300,225,2,"6,10","0.1,1","data/ui_gfx/gun_actions/worm_rain.png","data/ui_gfx/gun_actions/bomb_unidentified.png",,c.fire_rate_wait + 100,,,,,,,,,,,0,"data/entities/misc/custom_cards/worm_rain.xml",true,"card_unlocked_rain","add_projectile(""data/entities/projectiles/deck/worm_rain.xml"");c.fire_rate_wait = c.fire_rate_wait + 100;"
RESET,"$action_reset","$actiondesc_reset",ACTION_TYPE_UTILITY,120,20,,10,1,"data/ui_gfx/gun_actions/reset.png","data/ui_gfx/gun_actions/bomb_unidentified.png",,,,,,,,,,,,,0,,,"card_unlocked_mestari",
IF_ENEMY,"$action_if_enemy","$actiondesc_if_enemy",ACTION_TYPE_OTHER,100,0,,10,1,"data/ui_gfx/gun_actions/if_enemy.png","data/ui_gfx/gun_actions/spread_reduce_unidentified.png",,,,,,,,,,,,,0,,,"card_unlocked_maths",
IF_PROJECTILE,"$action_if_projectile","$actiondesc_if_projectile",ACTION_TYPE_OTHER,100,0,,10,1,"data/ui_gfx/gun_actions/if_projectile.png","data/ui_gfx/gun_actions/spread_reduce_unidentified.png",,,,,,,,,,,,,0,,,"card_unlocked_maths",
IF_HP,"$action_if_hp","$actiondesc_if_hp",ACTION_TYPE_OTHER,100,0,,10,1,"data/ui_gfx/gun_actions/if_hp.png","data/ui_gfx/gun_actions/spread_reduce_unidentified.png",,,,,,,,,,,,,0,,,"card_unlocked_maths",
POLLEN,"$action_pollen","$actiondesc_pollen",ACTION_TYPE_PROJECTILE,110,10,,"0,1,3,4","0.6,1,1,0.6","data/ui_gfx/gun_actions/pollen.png","data/ui_gfx/gun_actions/arrow_unidentified.png",,c.fire_rate_wait + 2,,c.spread_degrees + 20,,,,,,,,,0,,,,"add_projectile(""data/entities/projectiles/deck/pollen.xml"");c.fire_rate_wait = c.fire_rate_wait + 2;c.spread_degrees = c.spread_degrees + 20;"
IF_HALF,"$action_if_half","$actiondesc_if_half",ACTION_TYPE_OTHER,100,0,,10,1,"data/ui_gfx/gun_actions/if_half.png","data/ui_gfx/gun_actions/spread_reduce_unidentified.png",,,,,,,,,,,,,0,,,"card_unlocked_maths",
IF_END,"$action_if_end","$actiondesc_if_end",ACTION_TYPE_OTHER,10,0,,10,1,"data/ui_gfx/gun_actions/if_end.png","data/ui_gfx/gun_actions/spread_reduce_unidentified.png",,,,,,,,,,,,,0,,,"card_unlocked_maths",
IF_ELSE,"$action_if_else","$actiondesc_if_else",ACTION_TYPE_OTHER,10,0,,10,1,"data/ui_gfx/gun_actions/if_else.png","data/ui_gfx/gun_actions/spread_reduce_unidentified.png",,,,,,,,,,,,,0,,,"card_unlocked_maths",
COLOUR_RED,"$action_colour_red","$actiondesc_colour_red",ACTION_TYPE_MODIFIER,40,0,,"1,2,3,4,5,6","0.2,0.2,0.4,0.2,0.2,0.2","data/ui_gfx/gun_actions/colour_red.png","data/ui_gfx/gun_actions/homing_unidentified.png",,c.fire_rate_wait - 8,c.scree,,,,,,,,,,0,,,"card_unlocked_paint","c.extra_entities = c.extra_e;c.fire_rate_wait = c.fire_rate_wait - 8;c.screenshake = c.scree;c.screenshake = 0;"
COLOUR_ORANGE,"$action_colour_orange","$actiondesc_colour_orange",ACTION_TYPE_MODIFIER,40,0,,"2,3,4","0.1,0.1,0.4","data/ui_gfx/gun_actions/colour_orange.png","data/ui_gfx/gun_actions/homing_unidentified.png",,c.fire_rate_wait - 8,c.scree,,,,,,,,,,0,,,"card_unlocked_paint","c.extra_entities = c.extra_e;c.fire_rate_wait = c.fire_rate_wait - 8;c.screenshake = c.scree;c.screenshake = 0;"
COLOUR_GREEN,"$action_colour_green","$actiondesc_colour_green",ACTION_TYPE_MODIFIER,40,0,,"2,3,4","0.4,0.1,0.1","data/ui_gfx/gun_actions/colour_green.png","data/ui_gfx/gun_actions/homing_unidentified.png",,c.fire_rate_wait - 8,c.scree,,,,,,,,,,0,,,"card_unlocked_paint","c.extra_entities = c.extra_e;c.fire_rate_wait = c.fire_rate_wait - 8;c.screenshake = c.scree;c.screenshake = 0;"
COLOUR_YELLOW,"$action_colour_yellow","$actiondesc_colour_yellow",ACTION_TYPE_MODIFIER,40,0,,"2,3,4","0.1,0.4,0.1","data/ui_gfx/gun_actions/colour_yellow.png","data/ui_gfx/gun_actions/homing_unidentified.png",,c.fire_rate_wait - 8,c.scree,,,,,,,,,,0,,,"card_unlocked_paint","c.extra_entities = c.extra_e;c.fire_rate_wait = c.fire_rate_wait - 8;c.screenshake = c.scree;c.screenshake = 0;"
COLOUR_PURPLE,"$action_colour_purple","$actiondesc_colour_purple",ACTION_TYPE_MODIFIER,40,0,,"2,3,4","0.1,0.1,0.4","data/ui_gfx/gun_actions/colour_purple.png","data/ui_gfx/gun_actions/homing_unidentified.png",,c.fire_rate_wait - 8,c.scree,,,,,,,,,,0,,,"card_unlocked_paint","c.extra_entities = c.extra_e;c.fire_rate_wait = c.fire_rate_wait - 8;c.screenshake = c.scree;c.screenshake = 0;"
COLOUR_BLUE,"$action_colour_blue","$actiondesc_colour_blue",ACTION_TYPE_MODIFIER,40,0,,"2,3,4","0.4,0.1,0.1","data/ui_gfx/gun_actions/colour_blue.png","data/ui_gfx/gun_actions/homing_unidentified.png",,c.fire_rate_wait - 8,c.scree,,,,,,,,,,0,,,"card_unlocked_paint","c.extra_entities = c.extra_e;c.fire_rate_wait = c.fire_rate_wait - 8;c.screenshake = c.scree;c.screenshake = 0;"
COLOUR_RAINBOW,"$action_colour_rainbow","$actiondesc_colour_rainbow",ACTION_TYPE_MODIFIER,40,0,,"2,3,4,10","0.1,0.1,0.1,0.2","data/ui_gfx/gun_actions/colour_rainbow.png","data/ui_gfx/gun_actions/homing_unidentified.png",,c.fire_rate_wait - 8,c.scree,,,,,,,,,,0,,,"card_unlocked_paint","c.extra_entities = c.extra_e;c.fire_rate_wait = c.fire_rate_wait - 8;c.screenshake = c.scree;c.screenshake = 0;"
LANCE,"$action_lance","$actiondesc_lance",ACTION_TYPE_PROJECTILE,180,30,,"1,2,5,6","0.9,1,0.8,1","data/ui_gfx/gun_actions/lance.png","data/ui_gfx/gun_actions/lance_unidentified.png",,c.fire_rate_wait + 20,,c.spread_degrees - 20,,,,,,,,,0,"data/entities/misc/custom_cards/lance.xml",,,"add_projectile(""data/entities/projectiles/deck/lance.xml"");c.fire_rate_wait = c.fire_rate_wait + 20;c.spread_degrees = c.spread_degrees - 20;"
COLOUR_INVIS,"$action_colour_invis","$actiondesc_colour_invis",ACTION_TYPE_MODIFIER,40,0,,"2,3,4,10","0.1,0.1,0.1,0.1","data/ui_gfx/gun_actions/colour_invis.png","data/ui_gfx/gun_actions/homing_unidentified.png",,c.fire_rate_wait - 8,c.scree,,,,,,,,,,0,,,"card_unlocked_paint","c.extra_entities = c.extra_e;c.fire_rate_wait = c.fire_rate_wait - 8;c.screenshake = c.scree;c.screenshake = 0;"
RAINBOW_TRAIL,"$action_rainbow_trail","$actiondesc_rainbow_trail",ACTION_TYPE_MODIFIER,100,0,,10,0,"data/ui_gfx/gun_actions/rainbow_trail.png","data/ui_gfx/gun_actions/oil_trail_unidentified.png",,,,,,,,,,,,,0,"data/entities/misc/custom_cards/rainbow_trail.xml",,"card_unlocked_rainbow_trail","c.game_effect_entities = c.game_effect_e;c.trail_material = c.trail_material .. ""material_rai;c.trail_material_amount = c.trail_material_amou;"
CESSATION,"$action_cessation","$actiondesc_cessation",ACTION_TYPE_OTHER,10,0,25,"5,6,10","0.1,0.2,1","data/ui_gfx/gun_actions/cessation.png","data/ui_gfx/gun_actions/cessation_unidentified.png",,c.fire_rate_wait + 600,,,,,,,,,,,0,,,"card_unlocked_cessation",c.fire_rate_wait = c.fire_rate_wait + 600;
LANCE_HOLY,"$action_holy","$actiondesc_holy",ACTION_TYPE_PROJECTILE,250,120,,"3,5,6","0.5,0.8,1","data/ui_gfx/gun_actions/lance_holy.png","data/ui_gfx/gun_actions/lance_unidentified.png",,c.fire_rate_wait + 30,,c.spread_degrees - 10,,,,,,,,,0,"data/entities/misc/custom_cards/lance_holy.xml",,,"add_projectile(""data/entities/projectiles/deck/lance_holy.xml"");c.fire_rate_wait = c.fire_rate_wait + 30;c.spread_degrees = c.spread_degrees - 10;"
ROCKET,"$action_rocket","$actiondesc_rocket",ACTION_TYPE_PROJECTILE,220,70,10,"1,2,3,4,5","1,1,1,0.5,0.3","data/ui_gfx/gun_actions/rocket.png","data/ui_gfx/gun_actions/rocket_unidentified.png",,c.fire_rate_wait + 60,,,,,,,,,,,0,"data/entities/misc/custom_cards/rocket.xml",,,"add_projectile(""data/entities/projectiles/deck/rocket.xml"");c.fire_rate_wait = c.fire_rate_wait + 60;c.ragdoll_fx = 2;"
ROCKET_TIER_2,"$action_rocket_tier_2","$actiondesc_rocket_tier_2",ACTION_TYPE_PROJECTILE,240,90,8,"2,3,4,5,6","0.5,1,1,0.8,0.5","data/ui_gfx/gun_actions/rocket_tier_2.png","data/ui_gfx/gun_actions/rocket_unidentified.png",,c.fire_rate_wait + 90,,,,,,,,,,,0,"data/entities/misc/custom_cards/rocket_tier_2.xml",,,"add_projectile(""data/entities/projectiles/deck/rocket_tier_2.xml"");c.fire_rate_wait = c.fire_rate_wait + 90;c.ragdoll_fx = 2;"
ROCKET_TIER_3,"$action_rocket_tier_3","$actiondesc_rocket_tier_3",ACTION_TYPE_PROJECTILE,250,120,6,"2,3,4,5,6","0.25,0.5,1,1,1","data/ui_gfx/gun_actions/rocket_tier_3.png","data/ui_gfx/gun_actions/rocket_unidentified.png",,c.fire_rate_wait + 120,,,,,,,,,,,0,"data/entities/misc/custom_cards/rocket_tier_3.xml",,,"add_projectile(""data/entities/projectiles/deck/rocket_tier_3.xml"");c.fire_rate_wait = c.fire_rate_wait + 120;c.ragdoll_fx = 2;"
GRENADE,"$action_grenade","$actiondesc_grenade",ACTION_TYPE_PROJECTILE,170,50,25,"0,1,2,3,4","1,1,0.5,0.25,0.2","data/ui_gfx/gun_actions/grenade.png","data/ui_gfx/gun_actions/grenade_unidentified.png",,c.fire_rate_wait + 30,c.scree,,,,,,,,,,0,"data/entities/misc/custom_cards/grenade.xml",,,"add_projectile(""data/entities/projectiles/deck/grenade.xml"");c.fire_rate_wait = c.fire_rate_wait + 30;c.screenshake = c.scree;c.child_speed_multiplier = c.child_speed_multiplier * 0.75;"
GRENADE_TRIGGER,"$action_grenade_trigger","$actiondesc_grenade_trigger",ACTION_TYPE_PROJECTILE,210,50,25,"0,1,2,3,4,5","0.5,0.5,0.2,0.5,0.5,1","data/ui_gfx/gun_actions/grenade_trigger.png","data/ui_gfx/gun_actions/grenade_trigger_unidentified.png",,c.fire_rate_wait + 30,c.scree,,,,,,,,,,0,"data/entities/misc/custom_cards/grenade_trigger.xml",,,"c.fire_rate_wait = c.fire_rate_wait + 30;c.screenshake = c.scree;c.child_speed_multiplier = c.child_speed_multiplier * 0.75;add_projectile_trigger_hit_world(""data/entities/projectiles/deck/grenade.xml"", 1);"
GRENADE_TIER_2,"$action_grenade_tier_2","$actiondesc_grenade_tier_2",ACTION_TYPE_PROJECTILE,220,90,20,"1,2,3,4,5","0.5,1,1,1,0.5","data/ui_gfx/gun_actions/grenade_tier_2.png","data/ui_gfx/gun_actions/grenade_unidentified.png",,c.fire_rate_wait + 50,c.scree,,,,,,,,,,0,"data/entities/misc/custom_cards/grenade_tier_2.xml",,,"add_projectile(""data/entities/projectiles/deck/grenade_tier_2.xml"");c.fire_rate_wait = c.fire_rate_wait + 50;c.screenshake = c.scree;c.child_speed_multiplier = c.child_speed_multiplier * 0.75;"
GRENADE_TIER_3,"$action_grenade_tier_3","$actiondesc_grenade_tier_3",ACTION_TYPE_PROJECTILE,220,90,20,"1,2,3,4,5","0.25,0.5,0.75,1,1","data/ui_gfx/gun_actions/grenade_tier_3.png","data/ui_gfx/gun_actions/grenade_unidentified.png",,c.fire_rate_wait + 80,c.scree,,,,,,,,,,0,"data/entities/misc/custom_cards/grenade_tier_3.xml",,,"add_projectile(""data/entities/projectiles/deck/grenade_tier_3.xml"");c.fire_rate_wait = c.fire_rate_wait + 80;c.screenshake = c.scree;c.child_speed_multiplier = c.child_speed_multiplier * 0.9;"
LIGHT_BULLET_TRIGGER_2,"$action_light_bullet_trigger_2","$actiondesc_light_bullet_trigger_2",ACTION_TYPE_PROJECTILE,250,15,,"2,3,5,6,10","1,0.5,1,1,0.2","data/ui_gfx/gun_actions/light_bullet_trigger_2.png",,,c.fire_rate_wait + 4,c.scree,,c.damage_critical_cha,,,,,,,,0,,,,"c.fire_rate_wait = c.fire_rate_wait + 4;c.screenshake = c.scree;c.damage_critical_chance = c.damage_critical_cha;add_projectile_trigger_hit_world(""data/entities/projectiles/deck/light_bullet_blue.xml"", 2);"
GRENADE_ANTI,"$action_grenade_anti","$actiondesc_grenade_anti",ACTION_TYPE_PROJECTILE,170,50,25,"0,1,2,3,4,5","0.4,0.4,0.7,0.4,0.4,0.4","data/ui_gfx/gun_actions/grenade_anti.png","data/ui_gfx/gun_actions/grenade_unidentified.png",,c.fire_rate_wait + 30,c.scree,,,,,,,,,,0,"data/entities/misc/custom_cards/grenade.xml",,,"add_projectile(""data/entities/projectiles/deck/grenade_anti.xml"");c.fire_rate_wait = c.fire_rate_wait + 30;c.screenshake = c.scree;c.child_speed_multiplier = c.child_speed_multiplier * 0.75;"
GRENADE_LARGE,"$action_grenade_large","$actiondesc_grenade_large",ACTION_TYPE_PROJECTILE,150,80,35,"0,1,2,3,4,5","0.4,0.4,0.4,0.4,0.4,0.4","data/ui_gfx/gun_actions/grenade_large.png","data/ui_gfx/gun_actions/grenade_unidentified.png",,c.fire_rate_wait + 40,c.scree,,,,,,,,,,0,"data/entities/misc/custom_cards/grenade.xml",,,"add_projectile(""data/entities/projectiles/deck/grenade_large.xml"");c.fire_rate_wait = c.fire_rate_wait + 40;c.screenshake = c.scree;c.child_speed_multiplier = c.child_speed_multiplier * 0.75;"
MINE,"$action_mine","$actiondesc_mine",ACTION_TYPE_PROJECTILE,200,20,15,"1,3,4,6","1,0.75,1,0.5","data/ui_gfx/gun_actions/mine.png","data/ui_gfx/gun_actions/mine_unidentified.png",,c.fire_rate_wait + 30,,,,c.speed_multiplier * 0.75,,,,,,,0,,,,"add_projectile(""data/entities/projectiles/deck/mine.xml"");c.fire_rate_wait = c.fire_rate_wait + 30;c.child_speed_multiplier = c.child_speed_multiplier * 0.75;c.speed_multiplier = c.speed_multiplier * 0.75;c.speed_multiplier = math.mi;c.speed_multiplier = 0;"
MINE_DEATH_TRIGGER,"$action_mine_death_trigger","$actiondesc_mine_death_trigger",ACTION_TYPE_PROJECTILE,240,20,15,"2,6","1,1","data/ui_gfx/gun_actions/mine_death_trigger.png","data/ui_gfx/gun_actions/mine_death_trigger_unidentified.png",,c.fire_rate_wait + 30,,,,c.speed_multiplier * 0.75,,,,,,,0,,,,"add_projectile_trigger_death(""data/entities/projectiles/deck/mine.xml"", 1);c.fire_rate_wait = c.fire_rate_wait + 30;c.child_speed_multiplier = c.child_speed_multiplier * 0.75;c.speed_multiplier = c.speed_multiplier * 0.75;c.speed_multiplier = math.mi;c.speed_multiplier = 0;"
PIPE_BOMB,"$action_pipe_bomb","$actiondesc_pipe_bomb",ACTION_TYPE_PROJECTILE,200,20,20,"2,3,4","1,1,0.6","data/ui_gfx/gun_actions/pipe_bomb.png","data/ui_gfx/gun_actions/pipe_bomb_unidentified.png",,c.fire_rate_wait + 30,,,,c.speed_multiplier * 0.75,,,,,,,0,,,,"add_projectile(""data/entities/projectiles/deck/pipe_bomb.xml"");c.fire_rate_wait = c.fire_rate_wait + 30;c.child_speed_multiplier = c.child_speed_multiplier * 0.75;c.speed_multiplier = c.speed_multiplier * 0.75;c.speed_multiplier = math.mi;c.speed_multiplier = 0;"
PIPE_BOMB_DEATH_TRIGGER,"$action_pipe_bomb_death_trigger","$actiondesc_pipe_bomb_death_trigger",ACTION_TYPE_PROJECTILE,230,20,20,"2,3,4,5","0.6,0.8,1,0.8","data/ui_gfx/gun_actions/pipe_bomb_death_trigger.png","data/ui_gfx/gun_actions/pipe_bomb_death_trigger_unidentified.png",,c.fire_rate_wait + 30,,,,c.speed_multiplier * 0.75,,,,,,,0,,,,"c.fire_rate_wait = c.fire_rate_wait + 30;c.child_speed_multiplier = c.child_speed_multiplier * 0.75;c.speed_multiplier = c.speed_multiplier * 0.75;add_projectile_trigger_death(""data/entities/projectiles/deck/pipe_bomb.xml"", 1);c.speed_multiplier = math.mi;c.speed_multiplier = 0;"
FISH,"$action_fish","$actiondesc_fish",ACTION_TYPE_PROJECTILE,250,90,20,"3,4,5","0.01,0.01,0.01","data/ui_gfx/gun_actions/fish.png","data/ui_gfx/gun_actions/fish_unidentified.png",,c.fire_rate_wait + 80,,,,,,,,,,,0,,,"card_unlocked_fish","add_projectile(""data/entities/projectiles/deck/fish.xml"");c.fire_rate_wait = c.fire_rate_wait + 80;"
EXPLODING_DEER,"$action_exploding_deer","$actiondesc_exploding_deer",ACTION_TYPE_PROJECTILE,170,120,10,"3,4,5","0.6,0.6,0.6","data/ui_gfx/gun_actions/exploding_deer.png","data/ui_gfx/gun_actions/exploding_deer_unidentified.png",,c.fire_rate_wait + 80,,,,,,,,,,,0,,,"card_unlocked_exploding_deer","add_projectile(""data/entities/projectiles/deck/exploding_deer.xml"");c.fire_rate_wait = c.fire_rate_wait + 80;"
EXPLODING_DUCKS,"$action_exploding_ducks","$actiondesc_exploding_ducks",ACTION_TYPE_PROJECTILE,200,100,20,"3,4,5","0.8,0.5,0.6","data/ui_gfx/gun_actions/duck_2.png","data/ui_gfx/gun_actions/exploding_deer_unidentified.png", 3,c.fire_rate_wait + 60,,,,,,,,,,,0,,,"card_unlocked_exploding_deer","add_projectile(""data/entities/projectiles/deck/duck.xml"");add_projectile(""data/entities/projectiles/deck/duck.xml"");add_projectile(""data/entities/projectiles/deck/duck.xml"");c.fire_rate_wait = c.fire_rate_wait + 60;"
WORM_SHOT,"$action_worm_shot","$actiondesc_worm_shot",ACTION_TYPE_PROJECTILE,200,150,10,"3,4,5,6,10","0.6,0.8,0.6,0.4,0.6","data/ui_gfx/gun_actions/worm.png","data/ui_gfx/gun_actions/exploding_deer_unidentified.png",,c.fire_rate_wait + 80,,c.spread_degrees + 20,,,,,,,,,0,,true,"card_unlocked_exploding_deer","add_projectile(""data/entities/projectiles/deck/worm_shot.xml"");c.fire_rate_wait = c.fire_rate_wait + 80;c.spread_degrees = c.spread_degrees + 20;"
LIGHT_BULLET_TIMER,"$action_light_bullet_timer","$actiondesc_light_bullet_timer",ACTION_TYPE_PROJECTILE,140,10,,"1,2,3","0.5,0.5,0.75","data/ui_gfx/gun_actions/light_bullet_timer.png","data/ui_gfx/gun_actions/light_bullet_timer_unidentified.png",,c.fire_rate_wait + 3,c.scree,,c.damage_critical_cha,,,,,,,,0,,,,"c.fire_rate_wait = c.fire_rate_wait + 3;c.screenshake = c.scree;c.damage_critical_chance = c.damage_critical_cha;add_projectile_trigger_timer(""data/entities/projectiles/deck/light_bullet.xml"", 10, 1);"
BOMB_DETONATOR,"$action_bomb_detonator","$actiondesc_bomb_detonator",ACTION_TYPE_STATIC_PROJECTILE,120,50,,"2,3,4,5,6","0.5,1,0.4,0.5,1","data/ui_gfx/gun_actions/pipe_bomb_detonator.png","data/ui_gfx/gun_actions/meteor_unidentified.png",,,,,,,,,,,,,0,,,,"add_projectile(""data/entities/projectiles/deck/bomb_detonator.xml"");"
LASER,"$action_laser","$actiondesc_laser",ACTION_TYPE_PROJECTILE,180,30,,"1,2,4","1,1,1","data/ui_gfx/gun_actions/laser.png","data/ui_gfx/gun_actions/laser_unidentified.png",,c.fire_rate_wait - 22,,,,,,,,,,,0,"data/entities/misc/custom_cards/laser.xml",,,"add_projectile(""data/entities/projectiles/deck/laser.xml"");c.fire_rate_wait = c.fire_rate_wait - 22;c.game_effect_entities = c.game_effect_e;"
MEGALASER,"$action_megalaser","$actiondesc_megalaser",ACTION_TYPE_PROJECTILE,300,110,,"3,4,5,6,10","0.6,0.6,0.8,0.6,0.3","data/ui_gfx/gun_actions/megalaser.png","data/ui_gfx/gun_actions/megalaser_unidentified.png",,c.fire_rate_wait + 90,,,,,,,,,,,0,,,,"add_projectile(""data/entities/projectiles/deck/megalaser_beam.xml"");add_projectile(""data/entities/projectiles/deck/megalaser_beam.xml"");add_projectile(""data/entities/projectiles/deck/megalaser_beam.xml"");add_projectile(""data/entities/projectiles/deck/megalaser_beam.xml"");add_projectile(""data/entities/projectiles/deck/megalaser_beam.xml"");add_projectile(""data/entities/projectiles/deck/megalaser.xml"");c.fire_rate_wait = c.fire_rate_wait + 90;c.game_effect_entities = c.game_effect_e;"
LIGHTNING,"$action_lightning","$actiondesc_lightning",ACTION_TYPE_PROJECTILE,250,70,,"1,2,5,6","1,0.9,0.7,1","data/ui_gfx/gun_actions/lightning.png","data/ui_gfx/gun_actions/lightning_unidentified.png",,c.fire_rate_wait + 50,,,,,,,,,,,0,"data/entities/misc/custom_cards/electric_charge.xml",,,"add_projectile(""data/entities/projectiles/deck/lightning.xml"");c.fire_rate_wait = c.fire_rate_wait + 50;"
BALL_LIGHTNING,"$action_ball_lightning","$actiondesc_ball_lightning",ACTION_TYPE_PROJECTILE,250,70,,"1,2,4,5","0.2,0.4,1,1","data/ui_gfx/gun_actions/ball_lightning.png","data/ui_gfx/gun_actions/lightning_unidentified.png",3,c.fire_rate_wait + 50,,,,,,,,,,,0,"data/entities/misc/custom_cards/electric_charge.xml",,,"add_projectile(""data/entities/projectiles/deck/ball_lightning.xml"");add_projectile(""data/entities/projectiles/deck/ball_lightning.xml"");add_projectile(""data/entities/projectiles/deck/ball_lightning.xml"");c.fire_rate_wait = c.fire_rate_wait + 50;"
LASER_EMITTER,"$action_laser_emitter","$actiondesc_laser_emitter",ACTION_TYPE_PROJECTILE,180,60,,"1,2,3,4","0.2,0.8,1,0.5","data/ui_gfx/gun_actions/laser_emitter.png","data/ui_gfx/gun_actions/laser_unidentified.png",,c.fire_rate_wait + 6,,,,,,,,,,,0,,,,"add_projectile(""data/entities/projectiles/deck/orb_laseremitter.xml"");c.fire_rate_wait = c.fire_rate_wait + 6;c.game_effect_entities = c.game_effect_e;"
LASER_EMITTER_FOUR,"$action_laser_emitter_four","$actiondesc_laser_emitter_four",ACTION_TYPE_PROJECTILE,200,80,,"1,2,3,4,5","0.2,0.9,0.3,0.5,1","data/ui_gfx/gun_actions/laser_emitter_four.png","data/ui_gfx/gun_actions/laser_unidentified.png",,c.fire_rate_wait + 15,,,,,,,,,,,0,,,,"add_projectile(""data/entities/projectiles/deck/orb_laseremitter_four.xml"");c.fire_rate_wait = c.fire_rate_wait + 15;c.game_effect_entities = c.game_effect_e;"
LASER_EMITTER_CUTTER,"$action_laser_emitter_cutter","$actiondesc_laser_emitter_cutter",ACTION_TYPE_PROJECTILE,120,40,,"0,1,2,3,4","0.2,0.3,1,0.5,0.1","data/ui_gfx/gun_actions/laser_emitter_cutter.png","data/ui_gfx/gun_actions/laser_unidentified.png",,,,,,,,,,,,,0,,,,"add_projectile(""data/entities/projectiles/deck/orb_laseremitter_cutter.xml"");c.game_effect_entities = c.game_effect_e;"
DIGGER,"$action_digger","$actiondesc_digger",ACTION_TYPE_PROJECTILE,70,0,,"1,2","1,0.5","data/ui_gfx/gun_actions/digger.png","data/ui_gfx/gun_actions/digger_unidentified.png",,c.fire_rate_wait + 1,,,,,,,,,,,0,,,,"add_projectile(""data/entities/projectiles/deck/digger.xml"");c.fire_rate_wait = c.fire_rate_wait + 1;"
POWERDIGGER,"$action_powerdigger","$actiondesc_powerdigger",ACTION_TYPE_PROJECTILE,110,0,,"2,3,4","0.5,1,0.8","data/ui_gfx/gun_actions/powerdigger.png","data/ui_gfx/gun_actions/powerdigger_unidentified.png",,c.fire_rate_wait + 1,,,,,,,,,,,0,,,,"add_projectile(""data/entities/projectiles/deck/powerdigger.xml"");c.fire_rate_wait = c.fire_rate_wait + 1;"
BULLET,"$action_bullet","$actiondesc_bullet",ACTION_TYPE_PROJECTILE,150,20,,"1,2,3,4,5","1,1,1,0.8,0.5","data/ui_gfx/gun_actions/bullet.png","data/ui_gfx/gun_actions/bullet_unidentified.png",,c.fire_rate_wait + 4,c.scree,c.spread_degrees + 2.0,c.damage_critical_cha,,,,,,,,0,,,,"add_projectile(""data/entities/projectiles/deck/bullet.xml"");c.fire_rate_wait = c.fire_rate_wait + 4;c.screenshake = c.scree;c.spread_degrees = c.spread_degrees + 2.0;c.damage_critical_chance = c.damage_critical_cha;"
CHAINSAW,"$action_chainsaw","$actiondesc_chainsaw",ACTION_TYPE_PROJECTILE,80,1,,"0,2","1,1","data/ui_gfx/gun_actions/chainsaw.png","data/ui_gfx/gun_actions/chainsaw_unidentified.png",,0,,c.spread_degrees + 6.0,,,,,,,,,0,,,,"add_projectile(""data/entities/projectiles/deck/chainsaw.xml"");c.fire_rate_wait = 0;c.spread_degrees = c.spread_degrees + 6.0;"
LUMINOUS_DRILL,"$action_luminous_drill","$actiondesc_luminous_drill",ACTION_TYPE_PROJECTILE,150,10,,"0,2,10","1,1,0.1","data/ui_gfx/gun_actions/luminous_drill.png","data/ui_gfx/gun_actions/chainsaw_unidentified.png",,c.fire_rate_wait - 35,,,,,,,,,,,0,,,,"add_projectile(""data/entities/projectiles/deck/luminous_drill.xml"");c.fire_rate_wait = c.fire_rate_wait - 35;"
LASER_LUMINOUS_DRILL,"$action_luminous_drill_timer","$actiondesc_luminous_drill_timer",ACTION_TYPE_PROJECTILE,220,30,,"0,2,6,10","1,1,0.2,0.1","data/ui_gfx/gun_actions/luminous_drill_timer.png","data/ui_gfx/gun_actions/chainsaw_unidentified.png",,c.fire_rate_wait - 35,,,,,,,,,,,0,,,,"add_projectile_trigger_timer(""data/entities/projectiles/deck/luminous_drill.xml"",4,1);c.fire_rate_wait = c.fire_rate_wait - 35;"
TENTACLE,"$action_tentacle","$actiondesc_tentacle",ACTION_TYPE_PROJECTILE,200,20,,"3,4,5,6","1,0.5,1,0.8","data/ui_gfx/gun_actions/tentacle.png","data/ui_gfx/gun_actions/tentacle_unidentified.png",,c.fire_rate_wait + 40,,,,,,,,,,,0,"data/entities/misc/custom_cards/tentacle.xml",,"card_unlocked_tentacle","add_projectile(""data/entities/projectiles/deck/tentacle.xml"");c.fire_rate_wait = c.fire_rate_wait + 40;"
TENTACLE_TIMER,"$action_tentacle_timer","$actiondesc_tentacle_timer",ACTION_TYPE_PROJECTILE,250,20,,"3,4,5,6","0.6,0.8,0.6,0.7","data/ui_gfx/gun_actions/tentacle_timer.png","data/ui_gfx/gun_actions/tentacle_timer_unidentified.png",,c.fire_rate_wait + 40,,,,,,,,,,,0,"data/entities/misc/custom_cards/tentacle_timer.xml",,"card_unlocked_tentacle","add_projectile_trigger_timer(""data/entities/projectiles/deck/tentacle.xml"",20,1);c.fire_rate_wait = c.fire_rate_wait + 40;"
HEAL_BULLET,"$action_heal_bullet","$actiondesc_heal_bullet",ACTION_TYPE_PROJECTILE,60,15,20,"2,3,4","1,1,0.6","data/ui_gfx/gun_actions/heal_bullet.png","data/ui_gfx/gun_actions/heal_bullet_unidentified.png",,c.fire_rate_wait + 4,,c.spread_degrees + 2.0,,,,,,,,,0,"data/entities/misc/custom_cards/heal_bullet.xml",true,,"add_projectile(""data/entities/projectiles/deck/heal_bullet.xml"");c.fire_rate_wait = c.fire_rate_wait + 4;c.spread_degrees = c.spread_degrees + 2.0;"
ANTIHEAL,"$action_antiheal","$actiondesc_antiheal",ACTION_TYPE_PROJECTILE,200,20,20,"2,3,4,5","0.4,0.3,0.3,0.3","data/ui_gfx/gun_actions/antiheal.png","data/ui_gfx/gun_actions/bullet_unidentified.png",,c.fire_rate_wait + 8,c.scree,c.spread_degrees + 3.0,,,,,,,,,0,,true,,"add_projectile(""data/entities/projectiles/deck/healhurt.xml"");c.fire_rate_wait = c.fire_rate_wait + 8;c.screenshake = c.scree;c.spread_degrees = c.spread_degrees + 3.0;"
SPIRAL_SHOT,"$action_spiral_shot","$actiondesc_spiral_shot",ACTION_TYPE_PROJECTILE,190,50,15,"4,5,6","0.7,0.8,0.7","data/ui_gfx/gun_actions/spiral_shot.png","data/ui_gfx/gun_actions/spiral_shot_unidentified.png",,c.fire_rate_wait + 20,,,,,,,,,,,0,"data/entities/misc/custom_cards/spiral_shot.xml",,"card_unlocked_spiral_shot","add_projectile(""data/entities/projectiles/deck/spiral_shot.xml"");c.fire_rate_wait = c.fire_rate_wait + 20;"
MAGIC_SHIELD,"$action_magic_shield","$actiondesc_magic_shield",ACTION_TYPE_PROJECTILE,100,40,,"2,4,5,6","0.5,0.6,0.7,1","data/ui_gfx/gun_actions/magic_shield.png","data/ui_gfx/gun_actions/spiral_shot_unidentified.png",,c.fire_rate_wait + 20,,,,,,,,,,,0,,,,"add_projectile(""data/entities/projectiles/deck/magic_shield_start.xml"");c.fire_rate_wait = c.fire_rate_wait + 20;"
BIG_MAGIC_SHIELD,"$action_big_magic_shield","$actiondesc_big_magic_shield",ACTION_TYPE_PROJECTILE,120,60,,"2,4,5,6,10","0.2,0.4,0.5,0.6,0.2","data/ui_gfx/gun_actions/big_magic_shield.png","data/ui_gfx/gun_actions/spiral_shot_unidentified.png",,c.fire_rate_wait + 30,,,,,,,,,,,0,,,,"add_projectile(""data/entities/projectiles/deck/big_magic_shield_start.xml"");c.fire_rate_wait = c.fire_rate_wait + 30;"
BULLET_TRIGGER,"$action_bullet_trigger","$actiondesc_bullet_trigger",ACTION_TYPE_PROJECTILE,190,35,,"1,2,3,4,5","0.5,0.5,0.5,0.6,0.5","data/ui_gfx/gun_actions/bullet_trigger.png","data/ui_gfx/gun_actions/bullet_trigger_unidentified.png",,c.fire_rate_wait + 4,c.scree,c.spread_degrees + 2.0,c.damage_critical_cha,,,,,,,,0,,,,"c.fire_rate_wait = c.fire_rate_wait + 4;c.screenshake = c.scree;c.spread_degrees = c.spread_degrees + 2.0;c.damage_critical_chance = c.damage_critical_cha;add_projectile_trigger_hit_world(""data/entities/projectiles/deck/bullet.xml"", 1);"
CHAIN_BOLT,"$action_chain_bolt","$actiondesc_chain_bolt",ACTION_TYPE_PROJECTILE,240,80,,"0,4,5,6","0.75,1,0.8,0.6","data/ui_gfx/gun_actions/chain_bolt.png",,,c.fire_rate_wait + 45,,c.spread_degrees + 14.0,,,,,,,,,0,,,,"add_projectile(""data/entities/projectiles/deck/chain_bolt.xml"");c.spread_degrees = c.spread_degrees + 14.0;c.fire_rate_wait = c.fire_rate_wait + 45;"
FIREBALL,"$action_fireball","$actiondesc_fireball",ACTION_TYPE_PROJECTILE,220,70,15,"0,3,4,6","1,0.7,1,0.5","data/ui_gfx/gun_actions/fireball.png","data/ui_gfx/gun_actions/fireball_unidentified.png",,c.fire_rate_wait + 50,,c.spread_degrees + 4.0,,,,,,,,,0,"data/entities/misc/custom_cards/fireball.xml",,,"add_projectile(""data/entities/projectiles/deck/fireball.xml"");c.spread_degrees = c.spread_degrees + 4.0;c.fire_rate_wait = c.fire_rate_wait + 50;"
METEOR,"$action_meteor","$actiondesc_meteor",ACTION_TYPE_PROJECTILE,280,150,10,"4,5,6,10","0.6,0.6,0.7,0.5","data/ui_gfx/gun_actions/meteor.png","data/ui_gfx/gun_actions/meteor_unidentified.png",,,,,,,,,,,,,0,,,,"add_projectile(""data/entities/projectiles/deck/meteor.xml"");"
FLAMETHROWER,"$action_flamethrower","$actiondesc_flamethrower",ACTION_TYPE_PROJECTILE,220,20,60,"2,3,4,6","0.8,0.9,0.9,0.6","data/ui_gfx/gun_actions/flamethrower.png","data/ui_gfx/gun_actions/flamethrower_unidentified.png",,,,c.spread_degrees + 4.0,,,,,,,,,0,"data/entities/misc/custom_cards/flamethrower.xml",,,"add_projectile(""data/entities/projectiles/deck/flamethrower.xml"");c.spread_degrees = c.spread_degrees + 4.0;"
ICEBALL,"$action_iceball","$actiondesc_iceball",ACTION_TYPE_PROJECTILE,260,90,15,"2,3,4,6","0.8,0.9,0.9,0.6","data/ui_gfx/gun_actions/iceball.png","data/ui_gfx/gun_actions/fireball_unidentified.png",,c.fire_rate_wait + 80,,c.spread_degrees + 8.0,,,,,,,,,0,"data/entities/misc/custom_cards/iceball.xml",,,"add_projectile(""data/entities/projectiles/deck/iceball.xml"");c.spread_degrees = c.spread_degrees + 8.0;c.fire_rate_wait = c.fire_rate_wait + 80;"
SLIMEBALL,"$action_slimeball","$actiondesc_slimeball",ACTION_TYPE_PROJECTILE,130,20,,"0,3,4","1,1,0.7","data/ui_gfx/gun_actions/slimeball.png","data/ui_gfx/gun_actions/slimeball_unidentified.png",,c.fire_rate_wait + 10,,c.spread_degrees + 4.0,,c.speed_multiplier * 1.1,,,,,,,0,"data/entities/misc/custom_cards/slimeball.xml",,,"add_projectile(""data/entities/projectiles/deck/slime.xml"");c.spread_degrees = c.spread_degrees + 4.0;c.fire_rate_wait = c.fire_rate_wait + 10;c.speed_multiplier = c.speed_multiplier * 1.1;c.speed_multiplier = math.mi;c.speed_multiplier = 0;"
DARKFLAME,"$action_darkflame","$actiondesc_darkflame",ACTION_TYPE_PROJECTILE,180,90,60,"3,5,6","1,0.9,0.8","data/ui_gfx/gun_actions/darkflame.png","data/ui_gfx/gun_actions/darkflame_unidentified.png",,c.fire_rate_wait + 20,,,,,,,,,,,0,"data/entities/misc/custom_cards/darkflame.xml",,,"add_projectile(""data/entities/projectiles/darkflame.xml"");c.fire_rate_wait = c.fire_rate_wait + 20;"
MISSILE,"$action_missile","$actiondesc_missile",ACTION_TYPE_PROJECTILE,200,60,20,"1,2,3,5","0.5,0.5,1,1","data/ui_gfx/gun_actions/missile.png",,,,,c.spread_degrees + 3.0,,,,,,,,,0,,,,"add_projectile(""data/entities/projectiles/deck/rocket_player.xml"");c.spread_degrees = c.spread_degrees + 3.0;"
FUNKY_SPELL,???,???,ACTION_TYPE_PROJECTILE,50,5,,"6,10","0.1,0.1","data/ui_gfx/gun_actions/machinegun_bullet.png","data/ui_gfx/gun_actions/light_bullet_unidentified.png",,c.fire_rate_wait - 3,c.scree,c.spread_degrees + 2.0,c.damage_critical_cha,,,,,,,,0,,,"card_unlocked_funky","add_projectile(""data/entities/projectiles/deck/machinegun_bullet.xml"");c.fire_rate_wait = c.fire_rate_wait - 3;c.screenshake = c.scree;c.spread_degrees = c.spread_degrees + 2.0;c.damage_critical_chance = c.damage_critical_cha;"
PEBBLE,"$action_pebble","$actiondesc_pebble",ACTION_TYPE_PROJECTILE,200,120,10,"1,2,4,6","0.9,1,0.9,0.6","data/ui_gfx/gun_actions/pebble.png","data/ui_gfx/gun_actions/pebble_unidentified.png",,c.fire_rate_wait + 80,,,,,,,,,,,0,,,,"add_projectile(""data/entities/projectiles/deck/pebble_player.xml"");c.fire_rate_wait = c.fire_rate_wait + 80;"
BULLET_TIMER,"$action_bullet_timer","$actiondesc_bullet_timer",ACTION_TYPE_PROJECTILE,190,35,,"2,3,4,5,6","0.5,0.5,0.5,0.5,0.6","data/ui_gfx/gun_actions/bullet_timer.png","data/ui_gfx/gun_actions/bullet_timer_unidentified.png",,c.fire_rate_wait + 4,c.scree,c.spread_degrees + 2.0,c.damage_critical_cha,,,,,,,,0,,,,"c.fire_rate_wait = c.fire_rate_wait + 4;c.screenshake = c.scree;c.spread_degrees = c.spread_degrees + 2.0;c.damage_critical_chance = c.damage_critical_cha;add_projectile_trigger_timer(""data/entities/projectiles/deck/bullet.xml"", 10, 1);"
DYNAMITE,"$action_dynamite","$actiondesc_dynamite",ACTION_TYPE_PROJECTILE,160,50,16,"0,1,2,3,4","1,0.9,0.8,0.7,0.6","data/ui_gfx/gun_actions/dynamite.png","data/ui_gfx/gun_actions/dynamite_unidentified.png",,c.fire_rate_wait + 50,,c.spread_degrees + 6.0,,,,,,,,,0,"data/entities/misc/custom_cards/tnt.xml",,,"add_projectile(""data/entities/projectiles/deck/tnt.xml"");c.fire_rate_wait = c.fire_rate_wait + 50;c.spread_degrees = c.spread_degrees + 6.0;"
GLITTER_BOMB,"$action_glitter_bomb","$actiondesc_glitter_bomb",ACTION_TYPE_PROJECTILE,200,70,16,"0,1,2,3,4","0.8,0.9,0.8,0.7,0.6","data/ui_gfx/gun_actions/glitter_bomb.png","data/ui_gfx/gun_actions/dynamite_unidentified.png",,c.fire_rate_wait + 50,,c.spread_degrees + 12.0,,,,,,,,,0,"data/entities/misc/custom_cards/glitter_bomb.xml",,,"add_projectile(""data/entities/projectiles/deck/glitter_bomb.xml"");c.fire_rate_wait = c.fire_rate_wait + 50;c.spread_degrees = c.spread_degrees + 12.0;"
BUCKSHOT,"$action_buckshot","$actiondesc_buckshot",ACTION_TYPE_PROJECTILE,160,25,,"0,1,2,3,4","1,1,0.9,0.9,0.6","data/ui_gfx/gun_actions/buckshot.png","data/ui_gfx/gun_actions/dynamite_unidentified.png",3,c.fire_rate_wait + 8,,c.spread_degrees + 14.0,,,,,,,,,0,,,,"add_projectile(""data/entities/projectiles/deck/buckshot_player.xml"");add_projectile(""data/entities/projectiles/deck/buckshot_player.xml"");add_projectile(""data/entities/projectiles/deck/buckshot_player.xml"");c.fire_rate_wait = c.fire_rate_wait + 8;c.spread_degrees = c.spread_degrees + 14.0;"
FREEZING_GAZE,"$action_freezing_gaze","$actiondesc_freezing_gaze",ACTION_TYPE_PROJECTILE,180,45,20,"2,3,4","0.9,1,1","data/ui_gfx/gun_actions/freezing_gaze.png","data/ui_gfx/gun_actions/dynamite_unidentified.png",12,c.fire_rate_wait + 20,,,,,,,,,,,0,,,,"add_projectile(""data/entities/projectiles/deck/freezing_gaze_beam.xml"");add_projectile(""data/entities/projectiles/deck/freezing_gaze_beam.xml"");add_projectile(""data/entities/projectiles/deck/freezing_gaze_beam.xml"");add_projectile(""data/entities/projectiles/deck/freezing_gaze_beam.xml"");add_projectile(""data/entities/projectiles/deck/freezing_gaze_beam.xml"");add_projectile(""data/entities/projectiles/deck/freezing_gaze_beam.xml"");add_projectile(""data/entities/projectiles/deck/freezing_gaze_beam.xml"");add_projectile(""data/entities/projectiles/deck/freezing_gaze_beam.xml"");add_projectile(""data/entities/projectiles/deck/freezing_gaze_beam.xml"");add_projectile(""data/entities/projectiles/deck/freezing_gaze_beam.xml"");add_projectile(""data/entities/projectiles/deck/freezing_gaze_beam.xml"");add_projectile(""data/entities/projectiles/deck/freezing_gaze_beam.xml"");c.pattern_degrees = 30;c.fire_rate_wait = c.fire_rate_wait + 20;"
GLOWING_BOLT,"$action_glowing_bolt","$actiondesc_glowing_bolt",ACTION_TYPE_PROJECTILE,220,65,,"3,4,5,10","0.8,0.9,1,0.1","data/ui_gfx/gun_actions/glowing_bolt.png","data/ui_gfx/gun_actions/dynamite_unidentified.png",,c.fire_rate_wait + 40,,c.spread_degrees + 6.0,,,,,,,,,0,,,,"add_projectile(""data/entities/projectiles/deck/glowing_bolt.xml"");c.fire_rate_wait = c.fire_rate_wait + 40;c.spread_degrees = c.spread_degrees + 6.0;"
SPORE_POD,"$action_spore_pod","$actiondesc_spore_pod",ACTION_TYPE_PROJECTILE,200,20,,"1,2,3,4,5","0.7,0.8,0.9,0.8,0.6","data/ui_gfx/gun_actions/spore_pod.png","data/ui_gfx/gun_actions/spore_pod_unidentified.png",,c.fire_rate_wait + 40,,,,,,,,,,,0,,,,"add_projectile(""data/entities/projectiles/deck/spore_pod.xml"");c.fire_rate_wait = c.fire_rate_wait + 40;"
GLUE_SHOT,"$action_glue_shot","$actiondesc_glue_shot",ACTION_TYPE_PROJECTILE,140,25,,"2,3,4,5","0.7,0.4,0.2,0.5","data/ui_gfx/gun_actions/glue_shot.png","data/ui_gfx/gun_actions/dynamite_unidentified.png",,c.fire_rate_wait + 30,,c.spread_degrees + 5.0,,,,,,,,,0,,,,"add_projectile(""data/entities/projectiles/deck/glue_shot.xml"");c.fire_rate_wait = c.fire_rate_wait + 30;c.spread_degrees = c.spread_degrees + 5.0;"
BOMB_HOLY,"$action_bomb_holy","$actiondesc_bomb_holy",ACTION_TYPE_PROJECTILE,400,300,2,"2,3,4,5,6,10","0.2,0.2,0.2,0.2,0.2,0.5","data/ui_gfx/gun_actions/bomb_holy.png","data/ui_gfx/gun_actions/bomb_unidentified.png",,c.fire_rate_wait + 40,,,,,,,,,,,0,"data/entities/misc/custom_cards/bomb_holy.xml",,"card_unlocked_bomb_holy","add_projectile(""data/entities/projectiles/bomb_holy.xml"");c.fire_rate_wait = c.fire_rate_wait + 40;"
BOMB_HOLY_GIGA,"$action_bomb_holy_giga","$actiondesc_bomb_holy_giga",ACTION_TYPE_PROJECTILE,600,600,2,10,1,"data/ui_gfx/gun_actions/bomb_holy_giga.png","data/ui_gfx/gun_actions/bomb_unidentified.png",,c.fire_rate_wait + 120,,,,,,,,,,,0,"data/entities/misc/custom_cards/bomb_holy_giga.xml",true,"card_unlocked_bomb_holy_giga","add_projectile(""data/entities/projectiles/bomb_holy_giga.xml"");c.fire_rate_wait = c.fire_rate_wait + 120;"
PROPANE_TANK,"$action_propane_tank","$actiondesc_propane_tank",ACTION_TYPE_PROJECTILE,200,75,10,"2,3,4,5,6","1,1,0.8,0.8,0.7","data/ui_gfx/gun_actions/propane_tank.png","data/ui_gfx/gun_actions/bomb_unidentified.png",,c.fire_rate_wait + 100,,,,,,,,,,,0,"data/entities/misc/custom_cards/propane_tank.xml",,,"add_projectile(""data/entities/projectiles/propane_tank.xml"");c.fire_rate_wait = c.fire_rate_wait + 100;"
HEAVY_BULLET,"$action_heavy_bullet","$actiondesc_heavy_bullet",ACTION_TYPE_PROJECTILE,200,30,,"1,2,3,4,5,6","0.5,1,1,1,1,1","data/ui_gfx/gun_actions/heavy_bullet.png","data/ui_gfx/gun_actions/heavy_bullet_unidentified.png",,c.fire_rate_wait + 7,c.scree,c.spread_degrees + 5.0,c.damage_critical_cha,,,,,,,,0,,,,"add_projectile(""data/entities/projectiles/deck/bullet_heavy.xml"");c.fire_rate_wait = c.fire_rate_wait + 7;c.screenshake = c.scree;c.spread_degrees = c.spread_degrees + 5.0;c.damage_critical_chance = c.damage_critical_cha;"
